Class,Precision,Recall,F1 Score
Background,0.0,0.0,0.0
Litter,0.0018681205232703908,0.2224824355971897,0.003705130142696262
Mean,0.0018681205232703908,0.2224824355971897,0.003705130142696262
