,Class,Mean Euclidean Distance@0.50,Mean Euclidean Distance@0.55,Mean Euclidean Distance@0.60,Mean Euclidean Distance@0.65,Mean Euclidean Distance@0.70,Mean Euclidean Distance@0.75,Mean Euclidean Distance@0.80,Mean Euclidean Distance@0.85,Mean Euclidean Distance@0.90,Mean Euclidean Distance@0.95
0,Background,,,,,,,,,,
1,Clear Plastic Bottle,26.25322151184082,26.25322151184082,25.93050765991211,25.810293197631836,26.235977172851562,26.629243850708008,28.20332145690918,25.289871215820312,25.427392959594727,
2,Drink Can,13.426300048828125,13.141252517700195,13.141252517700195,13.103880882263184,12.081515312194824,12.02933120727539,11.440688133239746,10.99628734588623,7.977942943572998,
3,Drink Carton,18.76205825805664,16.45693016052246,16.45693016052246,18.782012939453125,16.45693016052246,17.25432586669922,19.386625289916992,17.008134841918945,11.569215774536133,15.498985290527344
4,Glass Bottle,27.00874137878418,26.600208282470703,25.70252227783203,24.429977416992188,23.268648147583008,21.977529525756836,21.557861328125,22.01603889465332,13.64734935760498,
5,Glass Jar,20.74601173400879,20.74601173400879,20.74601173400879,19.0416316986084,19.0416316986084,19.899555206298828,22.581708908081055,20.802921295166016,7.227487564086914,
6,Other Plastic Bottle,21.96090316772461,22.95438575744629,22.95438575744629,21.96090316772461,21.96090316772461,22.13166046142578,22.13166046142578,16.42441177368164,14.230006217956543,7.1760687828063965
