,Class,Mean Euclidean Distance@0.50,Mean Euclidean Distance@0.55,Mean Euclidean Distance@0.60,Mean Euclidean Distance@0.65,Mean Euclidean Distance@0.70,Mean Euclidean Distance@0.75,Mean Euclidean Distance@0.80,Mean Euclidean Distance@0.85,Mean Euclidean Distance@0.90,Mean Euclidean Distance@0.95
0,Background,,,,,,,,,,
1,Clear Plastic Bottle,37.599361419677734,37.599361419677734,37.723052978515625,33.04191589355469,30.495813369750977,31.250059127807617,29.527935028076172,25.50506591796875,18.344728469848633,
2,Drink Can,12.34277629852295,12.437324523925781,12.459819793701172,12.472904205322266,13.505155563354492,11.629302978515625,12.269488334655762,11.995742797851562,8.503867149353027,7.481540679931641
3,Drink Carton,42.44823455810547,42.44823455810547,42.44823455810547,42.44823455810547,41.84373474121094,41.84373474121094,24.53340721130371,10.60476303100586,,
4,Glass Bottle,40.09098815917969,39.882362365722656,42.789615631103516,41.248252868652344,40.19916534423828,35.19647979736328,21.41524887084961,14.872661590576172,9.703435897827148,
5,Glass Jar,28.087690353393555,28.087690353393555,29.367774963378906,25.944469451904297,21.202054977416992,28.86349868774414,20.128753662109375,17.567806243896484,16.35674285888672,
6,Other Plastic Bottle,55.018863677978516,55.018863677978516,55.018863677978516,48.87015914916992,48.87015914916992,48.570255279541016,29.60615348815918,18.36564064025879,,
