Class,Precision,Recall,F1 Score
Background,0.0,0.0,0.0
Clear Plastic Bottle,0.25,1.0,0.4
Drink Can,0.33125,1.0,0.4976525821596244
Drink Carton,0.24242424242424243,1.0,0.3902439024390244
Glass Bottle,0.12,0.8333333333333334,0.2097902097902098
Glass Jar,0.09322033898305085,1.0,0.17054263565891473
Other Plastic Bottle,0.3695652173913043,0.9444444444444444,0.53125
Mean,0.23440996646643297,0.9629629629629631,0.36657988834129557
