Class,Precision,Recall,F1 Score
Clear Plastic Bottle,0.0,0.0,0.0
Drink Can,0.4297520661157025,0.9811320754716981,0.5977011494252873
Drink Carton,0.1951219512195122,1.0,0.326530612244898
Glass Bottle,0.10869565217391304,0.8333333333333334,0.1923076923076923
Glass Jar,0.125,1.0,0.2222222222222222
Other Plastic Bottle,0.3829787234042553,1.0,0.5538461538461539
Mean,0.2483096785826766,0.9628930817610062,0.37852156600925074
