,Class,Mean Euclidean Distance@0.50,Mean Euclidean Distance@0.55,Mean Euclidean Distance@0.60,Mean Euclidean Distance@0.65,Mean Euclidean Distance@0.70,Mean Euclidean Distance@0.75,Mean Euclidean Distance@0.80,Mean Euclidean Distance@0.85,Mean Euclidean Distance@0.90,Mean Euclidean Distance@0.95
0,Clear Plastic Bottle,,,,,,,,,,
1,Drink Can,17.008228302001953,16.090782165527344,15.20859146118164,13.389800071716309,12.689396858215332,11.963356971740723,11.714320182800293,10.97810173034668,9.657625198364258,20.37053108215332
2,Drink Carton,19.76268768310547,19.76268768310547,19.76268768310547,20.159177780151367,20.159177780151367,16.76324462890625,16.76324462890625,15.417806625366211,16.229881286621094,9.150659561157227
3,Glass Bottle,50.69590759277344,47.32880401611328,40.667266845703125,39.859676361083984,39.32354736328125,32.945377349853516,27.639135360717773,29.44264793395996,8.833868980407715,
4,Glass Jar,31.545209884643555,33.2091064453125,30.06531524658203,30.06531524658203,27.006633758544922,22.376358032226562,21.375699996948242,23.811962127685547,12.87185001373291,
5,Other Plastic Bottle,28.0976505279541,28.0976505279541,26.461061477661133,26.461061477661133,26.461061477661133,26.461061477661133,26.259929656982422,23.09278106689453,18.066802978515625,12.502386093139648
