Class,Precision,Recall,F1 Score
Background,0.0,0.0,0.0
Clear Plastic Bottle,0.15384615384615385,0.9696969696969697,0.26556016597510373
Drink Can,0.2190082644628099,1.0,0.3593220338983051
Drink Carton,0.09523809523809523,1.0,0.17391304347826084
Glass Bottle,0.06521739130434782,0.6666666666666666,0.11881188118811882
Glass Jar,0.06796116504854369,0.6363636363636364,0.12280701754385966
Other Plastic Bottle,0.17307692307692307,1.0,0.29508196721311475
Mean,0.1290579988294789,0.8787878787878788,0.22258268488279379
