,map,map_50,map_75,map_small,map_medium,map_large,mar_1,mar_10,mar_100,mar_small,mar_medium,mar_large,map_per_class,mar_100_per_class,classes
0,0.20929582,0.43349692,0.17589208,0.0,0.06934423,0.26455885,0.21638012,0.2556844,0.2556844,0.0,0.08884776,0.32323536,0.20929582,0.2556844,1
