Class,Precision,Recall,F1 Score
Background,0.0,0.0,0.0
Bottle,0.0065305611376703454,0.8480607756897242,0.0129613126308124
Mean,0.0065305611376703454,0.8480607756897242,0.0129613126308124
