Class,Precision,Recall,F1 Score
Background,0.0,0.0,0.0
Bottle,7.877163512190894e-06,0.0005331200852992136,1.5524936929943723e-05
Mean,7.877163512190894e-06,0.0005331200852992136,1.5524936929943723e-05
