,epoch,time_elapsed,total_time_elapsed
0,1,99.4446964263916,99.4446964263916
1,2,98.89125800132751,198.33595442771912
2,3,99.6066153049469,297.942569732666
3,4,99.26726746559143,397.20983719825745
4,5,100.13545489311218,497.34529209136963
5,6,99.89986801147461,597.2451601028442
6,7,99.94053292274475,697.185693025589
7,8,100.49337267875671,797.6790657043457
8,9,100.63292074203491,898.3119864463806
9,10,99.62307953834534,997.935065984726
