,map,map_50,map_75,map_small,map_medium,map_large,mar_1,mar_10,mar_100,mar_small,mar_medium,mar_large,map_per_class,mar_100_per_class,classes
0,0.13489053,0.24096535,0.117905684,0.06300362,0.4523687,0.8,0.08319559,0.15426998,0.15426998,0.079333335,0.50163937,0.8,0.13489053,0.15426998,1
