Class,Precision,Recall,F1 Score
Background,0.0,0.0,0.0
Litter,0.06790824437883261,0.8236914600550964,0.12547209399916073
Mean,0.06790824437883261,0.8236914600550964,0.12547209399916073
