,map,map_50,map_75,map_small,map_medium,map_large,mar_1,mar_10,mar_100,mar_small,mar_medium,mar_large,map_per_class,mar_100_per_class,classes
0,0.019515144,0.054231152,0.008981297,0.0,0.024732783,0.021184037,0.041010264,0.04320938,0.04320938,0.0,0.022258215,0.051694438,0.019515144,0.04320938,1
