,Class,Mean Euclidean Distance@0.50,Mean Euclidean Distance@0.55,Mean Euclidean Distance@0.60,Mean Euclidean Distance@0.65,Mean Euclidean Distance@0.70,Mean Euclidean Distance@0.75,Mean Euclidean Distance@0.80,Mean Euclidean Distance@0.85,Mean Euclidean Distance@0.90,Mean Euclidean Distance@0.95
0,Background,,,,,,,,,,
1,Bottle,13.612298257712322,12.889639448436874,11.870275294725797,10.717023375991706,9.397022351272103,7.904946865699165,6.334635173830393,4.788999208439042,3.3612223454717647,1.0670555151266163
