Class,Precision,Recall,F1 Score
Background,0.0,0.0,0.0
Bottle,0.16337269779110322,0.3558576569372251,0.22393692862534595
Mean,0.16337269779110322,0.3558576569372251,0.22393692862534595
