,Class,Mean Euclidean Distance@0.50,Mean Euclidean Distance@0.55,Mean Euclidean Distance@0.60,Mean Euclidean Distance@0.65,Mean Euclidean Distance@0.70,Mean Euclidean Distance@0.75,Mean Euclidean Distance@0.80,Mean Euclidean Distance@0.85,Mean Euclidean Distance@0.90,Mean Euclidean Distance@0.95
0,Background,,,,,,,,,,
1,Litter,1.3164258672854463,1.3164258672854463,1.0592310993747618,1.0592310993747618,1.0592310993747618,1.0592310993747618,1.0592310993747618,1.0592310993747618,0.9762532359478159,0.8936129876170926
