Class,Precision,Recall,F1 Score
Background,0.0,0.0,0.0
Litter,0.9929078014184397,0.9929078014184397,0.9929078014184397
Mean,0.9929078014184397,0.9929078014184397,0.9929078014184397
