,map,map_50,map_75,map_small,map_medium,map_large,mar_1,mar_10,mar_100,mar_small,mar_medium,mar_large,map_per_class,mar_100_per_class,classes
0,0.54496217,0.9785031,0.58371985,0.3,0.42223024,0.6121225,0.42832202,0.61186194,0.61186194,0.3,0.4786673,0.6658304,0.54496217,0.61186194,1
