,Class,Mean Euclidean Distance@0.50,Mean Euclidean Distance@0.55,Mean Euclidean Distance@0.60,Mean Euclidean Distance@0.65,Mean Euclidean Distance@0.70,Mean Euclidean Distance@0.75,Mean Euclidean Distance@0.80,Mean Euclidean Distance@0.85,Mean Euclidean Distance@0.90,Mean Euclidean Distance@0.95
0,Background,,,,,,,,,,
1,Bottle,2.032898739169655,1.9275535499535443,1.7894519463620604,1.6682267835367686,1.59062494218618,1.522675007635914,1.591337935638225,2.1108543170613174,2.5390300353914825,3.334708110111819
