Class,Precision,Recall,F1 Score
Background,0.0,0.0,0.0
Bottle,0.9334174022698613,0.9865387178461948,0.9592431801982764
Mean,0.9334174022698613,0.9865387178461948,0.9592431801982764
