,map,map_50,map_75,map_small,map_medium,map_large,mar_1,mar_10,mar_100,mar_small,mar_medium,mar_large,map_per_class,mar_100_per_class,classes
0,0.12329984,0.2942658,0.07193907,0.0,0.07677753,0.14329171,0.15123284,0.17680928,0.17680928,0.0,0.09657566,0.20930538,0.12329984,0.17680928,1
