Class,Precision,Recall,F1 Score
Background,0.0,0.0,0.0
Bottle,0.005943843777581641,0.8042116486738637,0.011800471510387994
Mean,0.005943843777581641,0.8042116486738637,0.011800471510387994
