Class,Precision,Recall,F1 Score
Background,0.0,0.0,0.0
Litter,0.016537085030235717,0.950354609929078,0.03250849102377487
Mean,0.016537085030235717,0.950354609929078,0.03250849102377487
