,map,map_50,map_75,map_small,map_medium,map_large,mar_1,mar_10,mar_100,mar_small,mar_medium,mar_large,map_per_class,mar_100_per_class,classes
0,0.40725413,0.7358949,0.417959,0.0,0.24437064,0.47129336,0.36154872,0.47335732,0.47335732,0.0,0.29254976,0.5466018,0.40725413,0.47335732,1
