Class,Precision,Recall,F1 Score
Background,0.0,0.0,0.0
Bottle,0.7047727272727272,0.8266026922564308,0.7608415629025334
Mean,0.7047727272727272,0.8266026922564308,0.7608415629025334
