,Class,Mean Euclidean Distance@0.50,Mean Euclidean Distance@0.55,Mean Euclidean Distance@0.60,Mean Euclidean Distance@0.65,Mean Euclidean Distance@0.70,Mean Euclidean Distance@0.75,Mean Euclidean Distance@0.80,Mean Euclidean Distance@0.85,Mean Euclidean Distance@0.90,Mean Euclidean Distance@0.95
0,Background,,,,,,,,,,
1,Object,9.413885611355637,8.039658890954255,6.8050371579350495,5.799465442113677,4.893594434849507,4.0034418836401064,3.3083545292858645,2.6934262388488053,2.189784836312224,1.7890167534683936
