Class,Precision,Recall,F1 Score
Background,0.0,0.0,0.0
Object,0.2830074961389234,0.9589023611997447,0.4370310045954277
Mean,0.2830074961389234,0.9589023611997447,0.4370310045954277
