,Class,Mean Euclidean Distance@0.50,Mean Euclidean Distance@0.55,Mean Euclidean Distance@0.60,Mean Euclidean Distance@0.65,Mean Euclidean Distance@0.70,Mean Euclidean Distance@0.75,Mean Euclidean Distance@0.80,Mean Euclidean Distance@0.85,Mean Euclidean Distance@0.90,Mean Euclidean Distance@0.95
0,Background,,,,,,,,,,
1,Object,25.537594698995154,23.481994659834236,20.94136274649791,18.578398864504262,16.196978723826923,13.720494648571544,11.630370330423046,9.778543911804132,7.454579688777515,4.815041560221999
