Class,Precision,Recall,F1 Score
Background,0.0,0.0,0.0
Object,0.06296195157473147,0.8828334396936822,0.11754110200093461
Mean,0.06296195157473147,0.8828334396936822,0.11754110200093461
