,Class,Mean Euclidean Distance@0.50,Mean Euclidean Distance@0.55,Mean Euclidean Distance@0.60,Mean Euclidean Distance@0.65,Mean Euclidean Distance@0.70,Mean Euclidean Distance@0.75,Mean Euclidean Distance@0.80,Mean Euclidean Distance@0.85,Mean Euclidean Distance@0.90,Mean Euclidean Distance@0.95
0,Background,,,,,,,,,,
1,Object,25.506384929614917,23.68822763411458,21.858072942068958,19.820975149071547,18.037433414713735,15.93983410852799,14.02859879617729,12.060549937690608,9.425908660254851,5.882379121725616
