Class,Precision,Recall,F1 Score
Background,0.0,0.0,0.0
Object,0.019298741268829873,0.819527760051053,0.03770947670099339
Mean,0.019298741268829873,0.819527760051053,0.03770947670099339
