,map,map_50,map_75,map_small,map_medium,map_large,mar_1,mar_10,mar_100,mar_small,mar_medium,mar_large,map_per_class,mar_100_per_class,classes
0,0.48476303,0.9691423,0.33538315,0.2,0.4005652,0.52487636,0.38104758,0.53669196,0.5367586,0.2,0.41429892,0.5863696,0.48476303,0.5367586,1
