Class,Precision,Recall,F1 Score
Background,0.0,0.0,0.0
Bottle,0.7931146125620548,0.9794748767159803,0.8764983004353271
Mean,0.7931146125620548,0.9794748767159803,0.8764983004353271
