Class,Precision,Recall,F1 Score
Background,0.0,0.0,0.0
Litter,0.004358710562414266,0.7441451990632318,0.008666657574972385
Mean,0.004358710562414266,0.7441451990632318,0.008666657574972385
