,map,map_50,map_75,map_small,map_medium,map_large,mar_1,mar_10,mar_100,mar_small,mar_medium,mar_large,map_per_class,mar_100_per_class,classes
0,0.17424189,0.3718559,0.13274387,0.15724127,0.40123037,0.4039604,0.08815427,0.25895315,0.261708,0.21166667,0.5032787,0.4,0.17424189,0.261708,1
