,Class,Mean Euclidean Distance@0.50,Mean Euclidean Distance@0.55,Mean Euclidean Distance@0.60,Mean Euclidean Distance@0.65,Mean Euclidean Distance@0.70,Mean Euclidean Distance@0.75,Mean Euclidean Distance@0.80,Mean Euclidean Distance@0.85,Mean Euclidean Distance@0.90,Mean Euclidean Distance@0.95
0,Background,,,,,,,,,,
1,Litter,2.206739379199625,2.1314690985298697,2.1142199094841696,1.935836340903606,1.7229477059168994,1.4757115981264637,1.426941277782739,1.0949524662324608,0.7511908011430273,0.10165038799366878
