Class,Precision,Recall,F1 Score
Background,0.0,0.0,0.0
Litter,0.18878504672897195,0.5564738292011019,0.2819260293091417
Mean,0.18878504672897195,0.5564738292011019,0.2819260293091417
