,map,map_50,map_75,map_small,map_medium,map_large,mar_1,mar_10,mar_100,mar_small,mar_medium,mar_large,map_per_class,mar_100_per_class,classes
0,0.0516684,0.14073725,0.032792628,0.031798832,0.21498723,0.11361386,0.045454547,0.08236915,0.08236915,0.034,0.30819672,0.45,0.0516684,0.08236915,1
