Class,Precision,Recall,F1 Score
Background,0.0,0.0,0.0
Litter,0.17580645161290323,0.3002754820936639,0.2217700915564598
Mean,0.17580645161290323,0.3002754820936639,0.2217700915564598
