Class,Precision,Recall,F1 Score
Background,0.0,0.0,0.0
Litter,0.004454732510288066,0.7605386416861827,0.008857583154908833
Mean,0.004454732510288066,0.7605386416861827,0.008857583154908833
