Class,Precision,Recall,F1 Score
Background,0.0,0.0,0.0
Litter,0.5074074074074074,0.9716312056737588,0.6666666666666666
Mean,0.5074074074074074,0.9716312056737588,0.6666666666666666
