,Class,Mean Euclidean Distance@0.50,Mean Euclidean Distance@0.55,Mean Euclidean Distance@0.60,Mean Euclidean Distance@0.65,Mean Euclidean Distance@0.70,Mean Euclidean Distance@0.75,Mean Euclidean Distance@0.80,Mean Euclidean Distance@0.85,Mean Euclidean Distance@0.90,Mean Euclidean Distance@0.95
0,Background,,,,,,,,,,
1,Litter,1.8193870130436405,1.8193870130436405,1.5708730900199288,1.5708730900199288,1.3179952117702207,1.3179952117702207,1.3179952117702207,1.3179952117702207,1.294846525153186,1.239772993115468
