Class,Precision,Recall,F1 Score
Background,0.0,0.0,0.0
Litter,0.8092485549132948,0.9929078014184397,0.8917197452229301
Mean,0.8092485549132948,0.9929078014184397,0.8917197452229301
