,map,map_50,map_75,map_small,map_medium,map_large,mar_1,mar_10,mar_100,mar_small,mar_medium,mar_large,map_per_class,mar_100_per_class,classes
0,0.018042477,0.052183382,0.003960396,0.009158416,0.08959316,0.11782178,0.022865014,0.031955924,0.031955924,0.006,0.14918032,0.35,0.018042477,0.031955924,1
