Class,Precision,Recall,F1 Score
Background,0.0,0.0,0.0
Litter,0.008051948051948052,0.3415977961432507,0.015733045740024106
Mean,0.008051948051948052,0.3415977961432507,0.015733045740024106
