Class,Precision,Recall,F1 Score
Background,0.0,0.0,0.0
Object,0.07862347818359548,0.9033822590938099,0.14465710869720722
Mean,0.07862347818359548,0.9033822590938099,0.14465710869720722
