,Class,Mean Euclidean Distance@0.50,Mean Euclidean Distance@0.55,Mean Euclidean Distance@0.60,Mean Euclidean Distance@0.65,Mean Euclidean Distance@0.70,Mean Euclidean Distance@0.75,Mean Euclidean Distance@0.80,Mean Euclidean Distance@0.85,Mean Euclidean Distance@0.90,Mean Euclidean Distance@0.95
0,Background,,,,,,,,,,
1,Object,27.239204093977367,25.06464876007042,22.79459328777882,20.560119349487632,17.88422983627427,14.965835514414096,12.624362341867863,10.787429737650676,8.568215105407688,5.585729804077118
