Class,Precision,Recall,F1 Score
Background,0.0,0.0,0.0
Object,0.032014807401929746,0.9227823867262285,0.06188267114025027
Mean,0.032014807401929746,0.9227823867262285,0.06188267114025027
