,epoch,train_loss,val_loss,bbox_regression_train,classification_train,bbox_regression_val,classification_val
0,1,4.595036398306071,2.914671367016908,0.6969915940730929,3.8980447980009507,1.4882508218288422,1.4882508218288422
1,2,2.550401862815162,2.6322130867253954,0.4772714303075292,2.073130433456363,1.49387526512146,1.49387526512146
2,3,2.0589183068303303,2.3234252968681193,0.4060247536034924,1.6528935541059369,1.4825718700885773,1.4825718700885773
3,4,1.7592240780174175,2.1090889879476244,0.3544356912966365,1.4047883851018463,1.3542795181274414,1.3542795181274414
4,5,1.4996061274242178,2.1616415634890584,0.3183136069189722,1.1812925221067723,1.4532323777675629,1.4532323777675629
5,6,1.3394139262838898,2.2974936349369655,0.29429139633810963,1.0451225292668722,1.58637934923172,1.58637934923172
6,7,1.172289478688318,2.208605963493062,0.26959865219960705,0.9026908269413164,1.615521103143692,1.615521103143692
7,8,1.0234451324931373,2.626527933873863,0.24929256316831458,0.7741525691246318,1.8197783827781677,1.8197783827781677
8,9,0.9485892596715522,2.287901815131446,0.23809997263042448,0.7104892875894765,1.7458252608776093,1.7458252608776093
