,map,map_50,map_75,map_small,map_medium,map_large,mar_1,mar_10,mar_100,mar_small,mar_medium,mar_large,map_per_class,mar_100_per_class,classes
0,0.37907293,0.7082951,0.37528148,0.0,0.22268465,0.44310912,0.34567505,0.44523525,0.44523525,0.0,0.27024525,0.51612055,0.37907293,0.44523525,1
