Class,Precision,Recall,F1 Score
Background,0.0,0.0,0.0
Bottle,0.2459372026641294,0.8612554978008796,0.3826159038427379
Mean,0.2459372026641294,0.8612554978008796,0.3826159038427379
