,Class,Mean Euclidean Distance@0.50,Mean Euclidean Distance@0.55,Mean Euclidean Distance@0.60,Mean Euclidean Distance@0.65,Mean Euclidean Distance@0.70,Mean Euclidean Distance@0.75,Mean Euclidean Distance@0.80,Mean Euclidean Distance@0.85,Mean Euclidean Distance@0.90,Mean Euclidean Distance@0.95
0,Background,,,,,,,,,,
1,Object,26.706585283018313,24.981837886379676,22.99012631935445,20.961399270657044,18.85649884235965,17.12674477683673,15.320121189995055,13.490447404636166,10.858806975210566,6.9308397146847005
