Class,Precision,Recall,F1 Score
Background,0.0,0.0,0.0
Object,0.017460677985350066,0.8634333120612636,0.03422916081633892
Mean,0.017460677985350066,0.8634333120612636,0.03422916081633892
