Class,Precision,Recall,F1 Score
Background,0.0,0.0,0.0
Litter,0.09390251838354917,0.844847775175644,0.16901903367496343
Mean,0.09390251838354917,0.844847775175644,0.16901903367496343
