,Class,Mean Euclidean Distance@0.50,Mean Euclidean Distance@0.55,Mean Euclidean Distance@0.60,Mean Euclidean Distance@0.65,Mean Euclidean Distance@0.70,Mean Euclidean Distance@0.75,Mean Euclidean Distance@0.80,Mean Euclidean Distance@0.85,Mean Euclidean Distance@0.90,Mean Euclidean Distance@0.95
0,Background,,,,,,,,,,
1,Litter,4.802757594241339,4.64393022760672,3.930137571650766,3.8296989725989863,3.779464884821498,3.5447545158860314,3.4230886563711125,3.090293475493909,2.6513086594563453,1.8326647520094197
