Class,Precision,Recall,F1 Score
Background,0.0,0.0,0.0
Litter,0.12623985572587917,0.9929078014184397,0.22400000000000003
Mean,0.12623985572587917,0.9929078014184397,0.22400000000000003
