,map,map_50,map_75,map_small,map_medium,map_large,mar_1,mar_10,mar_100,mar_small,mar_medium,mar_large,map_per_class,mar_100_per_class,classes
0,0.14871241,0.34678686,0.08839714,0.0,0.0673088,0.18210773,0.17794216,0.21040916,0.21040916,0.0,0.10236002,0.2541659,0.14871241,0.21040916,1
