Class,Precision,Recall,F1 Score
Background,0.0,0.0,0.0
Bottle,0.005401807429405289,0.7311741969878716,0.010724384682075556
Mean,0.005401807429405289,0.7311741969878716,0.010724384682075556
