,Class,Mean Euclidean Distance@0.50,Mean Euclidean Distance@0.55,Mean Euclidean Distance@0.60,Mean Euclidean Distance@0.65,Mean Euclidean Distance@0.70,Mean Euclidean Distance@0.75,Mean Euclidean Distance@0.80,Mean Euclidean Distance@0.85,Mean Euclidean Distance@0.90,Mean Euclidean Distance@0.95
0,Background,,,,,,,,,,
1,Object,28.602655805250045,26.17967950457799,23.59450048466194,21.3722979359491,18.448493068686187,15.313439078290417,12.818196515046644,10.597207026302423,8.095377815302944,5.328368625459175
