Class,Precision,Recall,F1 Score
Background,0.0,0.0,0.0
Object,0.04688944835546076,0.8866624122527121,0.08906867018821478
Mean,0.04688944835546076,0.8866624122527121,0.08906867018821478
