,map,map_50,map_75,map_small,map_medium,map_large,mar_1,mar_10,mar_100,mar_small,mar_medium,mar_large,map_per_class,mar_100_per_class,classes
0,0.14715894,0.33466023,0.10108374,0.11703308,0.34966597,0.35346535,0.081267215,0.20633608,0.20743802,0.15566666,0.45737705,0.35,0.14715894,0.20743802,1
