Class,Precision,Recall,F1 Score
Background,0.0,0.0,0.0
Litter,0.22702702702702704,0.4628099173553719,0.3046237533998187
Mean,0.22702702702702704,0.4628099173553719,0.3046237533998187
