Class,Precision,Recall,F1 Score
Background,0.0,0.0,0.0
Litter,0.2005856515373353,0.9716312056737588,0.33252427184466027
Mean,0.2005856515373353,0.9716312056737588,0.33252427184466027
