Class,Precision,Recall,F1 Score
Background,0.0,0.0,0.0
Litter,0.16909871244635194,0.8073770491803278,0.27963094393186655
Mean,0.16909871244635194,0.8073770491803278,0.27963094393186655
