Class,Precision,Recall,F1 Score
Background,0.0,0.0,0.0
person,0.0,0.0,0.0
chair,0.0,0.0,0.0
car,0.0,0.0,0.0
dog,0.0,0.0,0.0
bottle,0.0,0.0,0.0
cat,0.0,0.0,0.0
bird,0.0036231884057971015,0.004651162790697674,0.004073319755600815
pottedplant,0.0,0.0,0.0
sheep,0.00015292760789361337,0.21238938053097345,0.00030563514804202483
boat,0.0,0.0,0.0
Mean,0.0018880580068453574,0.10852027166083555,0.00218947745182142
