,map,map_50,map_75,map_small,map_medium,map_large,mar_1,mar_10,mar_100,mar_small,mar_medium,mar_large,map_per_class,mar_100_per_class,classes
0,0.57721305,0.9795494,0.6403481,0.3,0.4874482,0.6409056,0.44138345,0.6414234,0.6414234,0.3,0.50712633,0.69582474,0.57721305,0.6414234,1
