Class,Precision,Recall,F1 Score
Background,0.0,0.0,0.0
Bottle,0.9677629861654921,0.9882713581234173,0.977909660402242
Mean,0.9677629861654921,0.9882713581234173,0.977909660402242
