,map,map_50,map_75,map_small,map_medium,map_large,mar_1,mar_10,mar_100,mar_small,mar_medium,mar_large,map_per_class,mar_100_per_class,classes
0,0.33361048,0.7049146,0.26682723,0.0,0.17223632,0.39949343,0.31997868,0.4074237,0.4074237,0.0,0.2075428,0.48837295,0.33361048,0.4074237,1
