Class,Precision,Recall,F1 Score
Background,0.0,0.0,0.0
Bottle,0.007048212357140879,0.9159003065440491,0.013988775595367745
Mean,0.007048212357140879,0.9159003065440491,0.013988775595367745
