Class,Precision,Recall,F1 Score
Background,0.0,0.0,0.0
Object,0.1424846825707209,0.9765156349712827,0.24868361177923679
Mean,0.1424846825707209,0.9765156349712827,0.24868361177923679
