Class,Precision,Recall,F1 Score
Background,0.0,0.0,0.0
Litter,0.16727272727272727,0.9787234042553191,0.2857142857142857
Mean,0.16727272727272727,0.9787234042553191,0.2857142857142857
