Class,Precision,Recall,F1 Score
Background,0.0,0.0,0.0
Litter,0.8333333333333334,0.9929078014184397,0.9061488673139159
Mean,0.8333333333333334,0.9929078014184397,0.9061488673139159
