,Class,Mean Euclidean Distance@0.50,Mean Euclidean Distance@0.55,Mean Euclidean Distance@0.60,Mean Euclidean Distance@0.65,Mean Euclidean Distance@0.70,Mean Euclidean Distance@0.75,Mean Euclidean Distance@0.80,Mean Euclidean Distance@0.85,Mean Euclidean Distance@0.90,Mean Euclidean Distance@0.95
0,Clear Plastic Bottle,,,,,,,,,,
1,Drink Can,15.767544746398926,14.552343368530273,13.582287788391113,12.824026107788086,11.998095512390137,10.141936302185059,7.833320617675781,6.936914920806885,4.219394207000732,3.9088430404663086
2,Drink Carton,15.72398567199707,15.247815132141113,14.455480575561523,14.132061004638672,12.86034870147705,11.226934432983398,8.967676162719727,6.502787113189697,3.9769933223724365,1.971490740776062
3,Glass Bottle,17.563945770263672,16.45951271057129,14.752699851989746,13.467957496643066,12.095442771911621,10.350262641906738,8.965889930725098,7.102480411529541,4.812070846557617,3.628396511077881
4,Glass Jar,11.294794082641602,11.04927921295166,10.741177558898926,10.479264259338379,9.543460845947266,9.160125732421875,7.61212682723999,6.204162120819092,3.686978340148926,1.6640663146972656
5,Other Plastic Bottle,9.746533393859863,9.525679588317871,9.109251022338867,8.937414169311523,8.211671829223633,6.98419189453125,5.865103244781494,4.159026622772217,2.8209853172302246,1.3767647743225098
