,Class,Mean Euclidean Distance@0.50,Mean Euclidean Distance@0.55,Mean Euclidean Distance@0.60,Mean Euclidean Distance@0.65,Mean Euclidean Distance@0.70,Mean Euclidean Distance@0.75,Mean Euclidean Distance@0.80,Mean Euclidean Distance@0.85,Mean Euclidean Distance@0.90,Mean Euclidean Distance@0.95
0,Background,,,,,,,,,,
1,Clear Plastic Bottle,16.787168502807617,15.883434295654297,15.357915878295898,13.945741653442383,12.356705665588379,10.210658073425293,8.440454483032227,7.100391864776611,4.748431205749512,2.0521156787872314
2,Drink Can,13.528268814086914,12.829713821411133,12.375069618225098,11.791863441467285,9.71636962890625,8.777174949645996,7.929077625274658,6.42824649810791,4.025561332702637,2.4187660217285156
3,Drink Carton,13.44926929473877,12.770617485046387,12.153843879699707,11.593655586242676,10.96281623840332,9.600604057312012,8.320953369140625,6.614729881286621,3.8193767070770264,1.0607355833053589
4,Glass Bottle,15.107002258300781,14.212974548339844,13.12569522857666,12.01279067993164,11.082381248474121,9.81840705871582,7.959263801574707,6.428278923034668,4.395610809326172,1.8850865364074707
5,Glass Jar,11.092576026916504,10.756124496459961,10.27614974975586,9.739654541015625,8.88348388671875,8.124629974365234,7.101530075073242,5.648116111755371,4.149728775024414,2.5029702186584473
6,Other Plastic Bottle,9.303494453430176,8.767990112304688,8.609822273254395,8.1722412109375,7.742533206939697,7.1102519035339355,6.353542804718018,5.233278751373291,3.4971139430999756,0.6214925050735474
