Class,Precision,Recall,F1 Score
Clear Plastic Bottle,0.0,0.0,0.0
Drink Can,0.17286245353159851,0.9346733668341709,0.2917647058823529
Drink Carton,0.2121931908155186,0.9115646258503401,0.3442517662170841
Glass Bottle,0.25,0.9224806201550387,0.39338842975206617
Glass Jar,0.2328767123287671,0.949238578680203,0.374
Other Plastic Bottle,0.3086021505376344,0.9695945945945946,0.4681892332789559
Mean,0.23530690144270375,0.9375103572228694,0.37431882702609187
