Class,Precision,Recall,F1 Score
Background,0.0,0.0,0.0
Clear Plastic Bottle,0.20751173708920187,0.8599221789883269,0.33434190620272314
Drink Can,0.23220973782771537,0.9346733668341709,0.37200000000000005
Drink Carton,0.2587346553352219,0.9319727891156463,0.40502586844050253
Glass Bottle,0.34890510948905107,0.9263565891472868,0.5068928950159066
Glass Jar,0.27365356622998543,0.9543147208121827,0.4253393665158371
Other Plastic Bottle,0.37783711615487314,0.956081081081081,0.5416267942583732
Mean,0.2831419870210081,0.927220120996449,0.4308711384055571
