,Class,Mean Euclidean Distance@0.50,Mean Euclidean Distance@0.55,Mean Euclidean Distance@0.60,Mean Euclidean Distance@0.65,Mean Euclidean Distance@0.70,Mean Euclidean Distance@0.75,Mean Euclidean Distance@0.80,Mean Euclidean Distance@0.85,Mean Euclidean Distance@0.90,Mean Euclidean Distance@0.95
0,Background,,,,,,,,,,
1,Object,21.662576572340143,20.145913896606327,18.828373865705235,17.38727981333455,15.836344133268085,14.23454528617004,12.71982679603573,10.975583771997375,9.019549559859236,5.672446670235661
