Class,Precision,Recall,F1 Score
Background,0.0,0.0,0.0
Object,0.021747303654737035,0.849010848755584,0.04240832355791299
Mean,0.021747303654737035,0.849010848755584,0.04240832355791299
