,map,map_50,map_75,map_small,map_medium,map_large,mar_1,mar_10,mar_100,mar_small,mar_medium,mar_large,map_per_class,mar_100_per_class,classes
0,0.018168459,0.06693232,0.0023296447,0.011026103,0.084379934,0.08836634,0.025619835,0.036363635,0.036363635,0.008,0.16557378,0.35,0.018168459,0.036363635,1
