Class,Precision,Recall,F1 Score
Background,0.0,0.0,0.0
Litter,0.009870129870129871,0.418732782369146,0.019285668971642456
Mean,0.009870129870129871,0.418732782369146,0.019285668971642456
