Class,Precision,Recall,F1 Score
Background,0.0,0.0,0.0
Litter,0.0030229108522499596,0.5035128805620609,0.006009741371478887
Mean,0.0030229108522499596,0.5035128805620609,0.006009741371478887
