,map,map_50,map_75,map_small,map_medium,map_large,mar_1,mar_10,mar_100,mar_small,mar_medium,mar_large,map_per_class,mar_100_per_class,classes
0,0.085177585,0.15597002,0.080433145,0.0,0.006930693,0.11629696,0.08695189,0.093549244,0.093549244,0.0,0.0011568718,0.13094926,0.085177585,0.093549244,1
