Class,Precision,Recall,F1 Score
Background,0.0,0.0,0.0
Bottle,0.011683205882160543,0.7141143542582967,0.022990281264079298
Mean,0.011683205882160543,0.7141143542582967,0.022990281264079298
