Class,Precision,Recall,F1 Score
Background,0.0,0.0,0.0
Litter,0.3380506733622461,0.867096018735363,0.4864509771719495
Mean,0.3380506733622461,0.867096018735363,0.4864509771719495
