Class,Precision,Recall,F1 Score
Background,0.0,0.0,0.0
Object,0.033023531738184696,0.9165283982131461,0.06375007767903909
Mean,0.033023531738184696,0.9165283982131461,0.06375007767903909
