,Class,Mean Euclidean Distance@0.50,Mean Euclidean Distance@0.55,Mean Euclidean Distance@0.60,Mean Euclidean Distance@0.65,Mean Euclidean Distance@0.70,Mean Euclidean Distance@0.75,Mean Euclidean Distance@0.80,Mean Euclidean Distance@0.85,Mean Euclidean Distance@0.90,Mean Euclidean Distance@0.95
0,Background,,,,,,,,,,
1,Object,24.911945980297865,22.605929871786692,20.297912737252638,17.89004414751591,15.444615251706502,13.258637107848177,11.08655978875498,9.369741972334895,7.222913016868893,4.938480910799387
