Class,Precision,Recall,F1 Score
Background,0.0,0.0,0.0
Object,0.06509408564718114,0.8949585194639439,0.12136107168818581
Mean,0.06509408564718114,0.8949585194639439,0.12136107168818581
