,Class,Mean Euclidean Distance@0.50,Mean Euclidean Distance@0.55,Mean Euclidean Distance@0.60,Mean Euclidean Distance@0.65,Mean Euclidean Distance@0.70,Mean Euclidean Distance@0.75,Mean Euclidean Distance@0.80,Mean Euclidean Distance@0.85,Mean Euclidean Distance@0.90,Mean Euclidean Distance@0.95
0,Background,,,,,,,,,,
1,Object,8.526702359359607,7.836446953248645,7.0295112915792455,6.345320627677244,5.44129780784419,4.697019775212148,3.9178504338967866,3.2983617188797187,2.8680701042566854,2.4993955370461256
