Class,Precision,Recall,F1 Score
Background,0.0,0.0,0.0
Object,0.5505891016200295,0.9543075941289088,0.69829558720523
Mean,0.5505891016200295,0.9543075941289088,0.69829558720523
