Class,Precision,Recall,F1 Score
Background,0.0,0.0,0.0
Litter,0.14360041623309053,0.9787234042553191,0.25045372050816694
Mean,0.14360041623309053,0.9787234042553191,0.25045372050816694
