,map,map_50,map_75,map_small,map_medium,map_large,mar_1,mar_10,mar_100,mar_small,mar_medium,mar_large,map_per_class,mar_100_per_class,classes
0,0.039502442,0.10515984,0.018809205,0.02045049,0.17812596,0.1009901,0.037465565,0.06363636,0.06363636,0.020666666,0.26229507,0.45,0.039502442,0.06363636,1
