Class,Precision,Recall,F1 Score
Background,0.0,0.0,0.0
Litter,0.05573453608247423,0.4765840220385675,0.09979809633689068
Mean,0.05573453608247423,0.4765840220385675,0.09979809633689068
