,epoch,time_elapsed,total_time_elapsed
0,1,590.7853076457977,590.7853076457977
1,2,590.7737948894501,1181.5591025352478
2,3,590.8092882633209,1772.3683907985687
3,4,591.0369055271149,2363.4052963256836
4,5,587.8303582668304,2951.235654592514
5,6,587.5765345096588,3538.812189102173
6,7,587.7584817409515,4126.570670843124
7,8,662.1708054542542,4788.7414762973785
8,9,760.9570479393005,5549.698524236679
9,10,812.4653754234314,6362.1638996601105
10,11,694.4502489566803,7056.614148616791
