,map,map_50,map_75,map_small,map_medium,map_large,mar_1,mar_10,mar_100,mar_small,mar_medium,mar_large,map_per_class,mar_100_per_class,classes
0,0.079882964,0.14626908,0.07434314,0.0,0.007920792,0.108813345,0.08106091,0.08713848,0.08713848,0.0,0.0012031466,0.121924736,0.079882964,0.08713848,1
