Class,Precision,Recall,F1 Score
Background,0.0,0.0,0.0
Bottle,0.011185885584491047,0.7055844328935093,0.02202263830707728
Mean,0.011185885584491047,0.7055844328935093,0.02202263830707728
