,Class,Mean Euclidean Distance@0.50,Mean Euclidean Distance@0.55,Mean Euclidean Distance@0.60,Mean Euclidean Distance@0.65,Mean Euclidean Distance@0.70,Mean Euclidean Distance@0.75,Mean Euclidean Distance@0.80,Mean Euclidean Distance@0.85,Mean Euclidean Distance@0.90,Mean Euclidean Distance@0.95
0,Background,,,,,,,,,,
1,Litter,4.8828935788459376,4.900214740859702,4.8961661889838455,4.821870528769043,4.867650108892962,4.850264027574195,5.002926008484258,4.828743666831055,4.5862065046578575,3.0710104543891266
