Class,Precision,Recall,F1 Score
Background,0.0,0.0,0.0
Litter,0.5583533173461231,0.8179156908665105,0.6636579572446556
Mean,0.5583533173461231,0.8179156908665105,0.6636579572446556
