Class,Precision,Recall,F1 Score
Background,0.0,0.0,0.0
Litter,0.004482766899551037,0.7652224824355972,0.008913318489168646
Mean,0.004482766899551037,0.7652224824355972,0.008913318489168646
