Class,Precision,Recall,F1 Score
Background,0.0,0.0,0.0
Litter,0.008097883910627733,0.9716312056737588,0.016061902807901988
Mean,0.008097883910627733,0.9716312056737588,0.016061902807901988
