,map,map_50,map_75,map_small,map_medium,map_large,mar_1,mar_10,mar_100,mar_small,mar_medium,mar_large,map_per_class,mar_100_per_class,classes
0,0.39754623,0.77996,0.36819184,0.30700237,0.7198906,0.92524755,0.13140497,0.4402204,0.46639118,0.407,0.742623,0.95,0.39754623,0.46639118,1
