,Class,Mean Euclidean Distance@0.50,Mean Euclidean Distance@0.55,Mean Euclidean Distance@0.60,Mean Euclidean Distance@0.65,Mean Euclidean Distance@0.70,Mean Euclidean Distance@0.75,Mean Euclidean Distance@0.80,Mean Euclidean Distance@0.85,Mean Euclidean Distance@0.90,Mean Euclidean Distance@0.95
0,Background,,,,,,,,,,
1,Litter,0.7953046928162358,0.6705007723885476,0.5979048950486721,0.5723655796502274,0.5356616009160027,0.5119249207442307,0.4798379973388655,0.5005838389998469,0.5551657064810311,0.48981685745348297
