Class,Precision,Recall,F1 Score
Background,0.0,0.0,0.0
Litter,0.20819778789850357,0.8815426997245179,0.33684210526315794
Mean,0.20819778789850357,0.8815426997245179,0.33684210526315794
