,map,map_50,map_75,map_small,map_medium,map_large,mar_1,mar_10,mar_100,mar_small,mar_medium,mar_large,map_per_class,mar_100_per_class,classes
0,0.0923884,0.16966918,0.08407468,0.0,0.0059405942,0.12802702,0.117446356,0.12409703,0.12409703,0.0,0.0026839427,0.17324471,0.0923884,0.12409703,1
