Class,Precision,Recall,F1 Score
Background,0.0,0.0,0.0
Bottle,0.007010833625876609,0.9156337465013994,0.01391512180795309
Mean,0.007010833625876609,0.9156337465013994,0.01391512180795309
