Class,Precision,Recall,F1 Score
Background,0.0,0.0,0.0
Object,0.0058581037101323495,0.0034460753031269943,0.00433944069431051
Mean,0.0058581037101323495,0.0034460753031269943,0.00433944069431051
