,map,map_50,map_75,map_small,map_medium,map_large,mar_1,mar_10,mar_100,mar_small,mar_medium,mar_large,map_per_class,mar_100_per_class,classes
0,0.0695891,0.19900766,0.032541037,0.0,0.04999526,0.079523824,0.09713448,0.11262162,0.11262162,0.0,0.0633503,0.13257816,0.0695891,0.11262162,1
