Class,Precision,Recall,F1 Score
Background,0.0,0.0,0.0
Bottle,0.13517997750281216,0.64067706250833,0.2232543018368437
Mean,0.13517997750281216,0.64067706250833,0.2232543018368437
