Class,Precision,Recall,F1 Score
Background,0.0,0.0,0.0
Litter,0.2434325744308231,0.9858156028368794,0.39044943820224726
Mean,0.2434325744308231,0.9858156028368794,0.39044943820224726
