Class,Precision,Recall,F1 Score
Background,0.0,0.0,0.0
Object,0.10750869279203082,0.8760689215060625,0.191515185335026
Mean,0.10750869279203082,0.8760689215060625,0.191515185335026
