,epoch,train_loss,val_loss,bbox_regression_train,classification_train,bbox_regression_val,classification_val
0,1,1.5389057415250307,3.875236286181156,0.7876238667658556,4.622662064071013,1.9701606631278992,1.9701606631278992
1,2,0.9343570623999444,3.365580455165043,0.6557840092856193,2.646243529759835,1.8077943921089172,1.8077943921089172
2,3,0.7757648776903331,3.2201682507434737,0.5694432404658226,2.18101204931736,1.8011289536952972,1.8011289536952972
3,4,0.6794457200601279,3.193672326123603,0.5055314039933347,1.888561453913974,1.7510988414287567,1.7510988414287567
4,5,0.6091069266130434,3.235033522142428,0.4562259855305898,1.6694519175129516,1.7369396388530731,1.7369396388530731
5,6,0.5512877624377469,3.320974463614348,0.4165784182967009,1.4860970587513158,1.7695742845535278,1.7695742845535278
6,7,0.5044464846011077,3.423149765094864,0.3844931627945783,1.33647712173863,1.8310459554195404,1.8310459554195404
7,8,0.4650287095840289,3.5647592310593508,0.3590957333081376,1.2088981054235841,1.884983777999878,1.884983777999878
8,9,0.43135805363618884,3.6940054871211543,0.3378336070558039,1.0997024945845113,1.8953721225261688,1.8953721225261688
