,map,map_50,map_75,map_small,map_medium,map_large,mar_1,mar_10,mar_100,mar_small,mar_medium,mar_large,map_per_class,mar_100_per_class,classes
0,0.02639646,0.05505881,0.023853969,0.0,0.0029702971,0.0371228,0.038118087,0.038851127,0.038851127,0.0,0.00037019898,0.05442801,0.02639646,0.038851127,1
