Class,Precision,Recall,F1 Score
Background,0.0,0.0,0.0
Bottle,0.006454397528601154,0.8231374117019858,0.01280836193577154
Mean,0.006454397528601154,0.8231374117019858,0.01280836193577154
