,map,map_50,map_75,map_small,map_medium,map_large,mar_1,mar_10,mar_100,mar_small,mar_medium,mar_large,map_per_class,mar_100_per_class,classes
0,0.109518796,0.24018016,0.08533704,0.0,0.063665695,0.13031049,0.13056111,0.15747035,0.15747035,0.0,0.115224436,0.17459278,0.109518796,0.15747035,1
