,Class,Mean Euclidean Distance@0.50,Mean Euclidean Distance@0.55,Mean Euclidean Distance@0.60,Mean Euclidean Distance@0.65,Mean Euclidean Distance@0.70,Mean Euclidean Distance@0.75,Mean Euclidean Distance@0.80,Mean Euclidean Distance@0.85,Mean Euclidean Distance@0.90,Mean Euclidean Distance@0.95
0,Background,,,,,,,,,,
1,Bottle,10.653370240750908,9.978339824856006,9.290292155235468,8.676911821193324,7.8330039799359525,6.9870812019352755,5.804906673177626,4.569858286227936,3.1740618981749744,1.3561164805595327
