Class,Precision,Recall,F1 Score
Background,0.0,0.0,0.0
Bottle,0.29745208899331815,0.5399173663867787,0.38358110027459524
Mean,0.29745208899331815,0.5399173663867787,0.38358110027459524
