,map,map_50,map_75,map_small,map_medium,map_large,mar_1,mar_10,mar_100,mar_small,mar_medium,mar_large,map_per_class,mar_100_per_class,classes
0,0.028078195,0.08631179,0.0077421274,0.015346535,0.1325242,0.13465346,0.034986228,0.048209365,0.048209365,0.011333333,0.21803279,0.4,0.028078195,0.048209365,1
