Class,Precision,Recall,F1 Score
Background,0.0,0.0,0.0
Litter,0.009545454545454546,0.4049586776859504,0.01865127196599632
Mean,0.009545454545454546,0.4049586776859504,0.01865127196599632
