,map,map_50,map_75,map_small,map_medium,map_large,mar_1,mar_10,mar_100,mar_small,mar_medium,mar_large,map_per_class,mar_100_per_class,classes
0,0.3831554,0.7671611,0.31815416,0.0,0.2296936,0.4435157,0.35295215,0.4592963,0.4592963,0.0,0.28278574,0.5308182,0.3831554,0.4592963,1
