Class,Precision,Recall,F1 Score
Background,0.0,0.0,0.0
Bottle,0.00702185648466012,0.9418899107023857,0.013939790834099327
Mean,0.00702185648466012,0.9418899107023857,0.013939790834099327
