,Class,Mean Euclidean Distance@0.50,Mean Euclidean Distance@0.55,Mean Euclidean Distance@0.60,Mean Euclidean Distance@0.65,Mean Euclidean Distance@0.70,Mean Euclidean Distance@0.75,Mean Euclidean Distance@0.80,Mean Euclidean Distance@0.85,Mean Euclidean Distance@0.90,Mean Euclidean Distance@0.95
0,Clear Plastic Bottle,,,,,,,,,,
1,Drink Can,19.265596389770508,16.528661727905273,16.380462646484375,15.348260879516602,15.388814926147461,16.014328002929688,14.788439750671387,14.542562484741211,11.967412948608398,7.82275390625
2,Drink Carton,29.410186767578125,25.64164924621582,25.64164924621582,25.64164924621582,25.64164924621582,24.208580017089844,20.448650360107422,16.74104118347168,8.704618453979492,
3,Glass Bottle,38.882904052734375,38.36921691894531,39.10829544067383,36.97706604003906,29.06401824951172,29.798208236694336,19.81212615966797,23.299118041992188,,
4,Glass Jar,39.3832893371582,43.39337158203125,41.04026794433594,41.07471466064453,39.80105972290039,49.736881256103516,42.49468994140625,23.27831268310547,28.636917114257812,
5,Other Plastic Bottle,37.04164123535156,38.340476989746094,37.04164123535156,35.841094970703125,34.3173713684082,31.720273971557617,26.685243606567383,20.463151931762695,15.613409042358398,9.888875961303711
