,Class,Mean Euclidean Distance@0.50,Mean Euclidean Distance@0.55,Mean Euclidean Distance@0.60,Mean Euclidean Distance@0.65,Mean Euclidean Distance@0.70,Mean Euclidean Distance@0.75,Mean Euclidean Distance@0.80,Mean Euclidean Distance@0.85,Mean Euclidean Distance@0.90,Mean Euclidean Distance@0.95
0,Background,,,,,,,,,,
1,Clear Plastic Bottle,33.092647552490234,33.092647552490234,31.16130256652832,33.023277282714844,32.57914352416992,27.40777015686035,22.031705856323242,17.066974639892578,14.077481269836426,3.6133036613464355
2,Drink Can,12.937097549438477,13.406266212463379,13.406266212463379,12.937097549438477,12.521284103393555,12.091598510742188,11.955163955688477,9.71908187866211,9.063971519470215,4.416545867919922
3,Drink Carton,27.90654754638672,27.90654754638672,31.55040168762207,27.97134780883789,23.7255859375,19.579015731811523,19.055742263793945,17.899545669555664,12.38582992553711,9.986227035522461
4,Glass Bottle,50.34088134765625,50.34088134765625,43.233543395996094,43.554805755615234,42.120452880859375,28.229583740234375,27.93678092956543,29.60108184814453,15.336755752563477,
5,Glass Jar,24.04704475402832,22.71693992614746,24.91254997253418,23.800048828125,23.153942108154297,24.109088897705078,19.54769515991211,16.23171615600586,18.35126495361328,1.1977448463439941
6,Other Plastic Bottle,18.115966796875,18.115966796875,18.115966796875,18.115966796875,20.805517196655273,16.765661239624023,16.677356719970703,16.87995719909668,15.37093448638916,
