Class,Precision,Recall,F1 Score
Clear Plastic Bottle,0.0,0.0,0.0
Drink Can,0.23963133640552994,0.9811320754716981,0.38518518518518513
Drink Carton,0.1095890410958904,1.0,0.19753086419753085
Glass Bottle,0.058091286307053944,0.7777777777777778,0.1081081081081081
Glass Jar,0.09009009009009009,0.9090909090909091,0.1639344262295082
Other Plastic Bottle,0.21686746987951808,1.0,0.3564356435643564
Mean,0.1428538447556165,0.9336001524680771,0.24223884545693775
