Class,Precision,Recall,F1 Score
Background,0.0,0.0,0.0
Clear Plastic Bottle,0.17045454545454544,0.9090909090909091,0.2870813397129186
Drink Can,0.2602040816326531,0.9622641509433962,0.4096385542168675
Drink Carton,0.07407407407407407,1.0,0.13793103448275862
Glass Bottle,0.06986899563318777,0.8888888888888888,0.12955465587044535
Glass Jar,0.06432748538011696,1.0,0.12087912087912087
Other Plastic Bottle,0.20454545454545456,1.0,0.339622641509434
Mean,0.14057910612000532,0.9600406581538657,0.23745122444525749
