,map,map_50,map_75,map_small,map_medium,map_large,mar_1,mar_10,mar_100,mar_small,mar_medium,mar_large,map_per_class,mar_100_per_class,classes
0,0.03425648,0.076767355,0.02516373,0.0,0.0257058,0.038518455,0.04234306,0.044328935,0.044328935,0.0,0.029291995,0.050421268,0.03425648,0.044328935,1
