Class,Precision,Recall,F1 Score
Background,0.0,0.0,0.0
Bottle,0.42451653150343105,0.18139410902305744,0.25417872817256515
Mean,0.42451653150343105,0.18139410902305744,0.25417872817256515
