Class,Precision,Recall,F1 Score
Background,0.0,0.0,0.0
Litter,0.23797709923664123,0.7300936768149883,0.35895221646516984
Mean,0.23797709923664123,0.7300936768149883,0.35895221646516984
