Class,Precision,Recall,F1 Score
Background,0.0,0.0,0.0
Litter,0.004923239227666847,0.7868852459016393,0.00978525586187063
Mean,0.004923239227666847,0.7868852459016393,0.00978525586187063
