,map,map_50,map_75,map_small,map_medium,map_large,mar_1,mar_10,mar_100,mar_small,mar_medium,mar_large,map_per_class,mar_100_per_class,classes
0,0.4634183,0.9563663,0.32273552,0.0,0.35438395,0.51884216,0.38032788,0.5378915,0.5378915,0.0,0.40152708,0.59316605,0.4634183,0.5378915,1
