Class,Precision,Recall,F1 Score
Background,0.0,0.0,0.0
Bottle,0.8017043592264831,0.9780087964814075,0.8811239193083573
Mean,0.8017043592264831,0.9780087964814075,0.8811239193083573
