,map,map_50,map_75,map_small,map_medium,map_large,mar_1,mar_10,mar_100,mar_small,mar_medium,mar_large,map_per_class,mar_100_per_class,classes
0,0.28705913,0.63068926,0.22176361,0.0,0.13879603,0.34793192,0.296668,0.39077702,0.39077702,0.0,0.19731605,0.46912563,0.28705913,0.39077702,1
