Class,Precision,Recall,F1 Score
Background,0.0,0.0,0.0
Bottle,0.09072030620139257,0.890843662534986,0.1646711012564671
Mean,0.09072030620139257,0.890843662534986,0.1646711012564671
