,Class,Mean Euclidean Distance@0.50,Mean Euclidean Distance@0.55,Mean Euclidean Distance@0.60,Mean Euclidean Distance@0.65,Mean Euclidean Distance@0.70,Mean Euclidean Distance@0.75,Mean Euclidean Distance@0.80,Mean Euclidean Distance@0.85,Mean Euclidean Distance@0.90,Mean Euclidean Distance@0.95
0,Background,,,,,,,,,,
1,Object,55.97636229240797,48.69639526067891,41.836504117884765,37.47859071122681,29.56374409195105,24.773543443107602,18.313489445301112,13.582052923149948,10.398025225502966,7.67080021262351
