Class,Precision,Recall,F1 Score
Background,0.0,0.0,0.0
Object,0.005384267836250387,0.3483088704530951,0.010604606339448437
Mean,0.005384267836250387,0.3483088704530951,0.010604606339448437
