,Class,Mean Euclidean Distance@0.50,Mean Euclidean Distance@0.55,Mean Euclidean Distance@0.60,Mean Euclidean Distance@0.65,Mean Euclidean Distance@0.70,Mean Euclidean Distance@0.75,Mean Euclidean Distance@0.80,Mean Euclidean Distance@0.85,Mean Euclidean Distance@0.90,Mean Euclidean Distance@0.95
0,Background,,,,,,,,,,
1,Litter,1.4571508314588035,1.4571508314588035,1.1936660605784266,1.1936660605784266,1.1936660605784266,1.1936660605784266,1.1936660605784266,1.1002854500355688,1.1002854500355688,1.010853673239556
