Class,Precision,Recall,F1 Score
Background,0.0,0.0,0.0
Litter,0.9333333333333333,0.9929078014184397,0.9621993127147767
Mean,0.9333333333333333,0.9929078014184397,0.9621993127147767
