,map,map_50,map_75,map_small,map_medium,map_large,mar_1,mar_10,mar_100,mar_small,mar_medium,mar_large,map_per_class,mar_100_per_class,classes
0,0.03121157,0.11837116,0.0032178217,0.020921832,0.09565369,0.035346534,0.02506887,0.04490358,0.04490358,0.021333333,0.1557377,0.2,0.03121157,0.04490358,1
