Class,Precision,Recall,F1 Score
Background,0.0,0.0,0.0
Litter,0.11409395973154363,0.3746556473829201,0.17491961414790996
Mean,0.11409395973154363,0.3746556473829201,0.17491961414790996
