,map,map_50,map_75,map_small,map_medium,map_large,mar_1,mar_10,mar_100,mar_small,mar_medium,mar_large,map_per_class,mar_100_per_class,classes
0,0.0868266,0.1560645,0.08044887,0.0,0.006930693,0.11892263,0.089550845,0.09604158,0.09604158,0.0,0.0012956965,0.1343943,0.0868266,0.09604158,1
