,Class,Mean Euclidean Distance@0.50,Mean Euclidean Distance@0.55,Mean Euclidean Distance@0.60,Mean Euclidean Distance@0.65,Mean Euclidean Distance@0.70,Mean Euclidean Distance@0.75,Mean Euclidean Distance@0.80,Mean Euclidean Distance@0.85,Mean Euclidean Distance@0.90,Mean Euclidean Distance@0.95
0,Background,,,,,,,,,,
1,Bottle,11.231583627586165,10.409458710956724,9.578014170513596,8.825653993283114,8.015252860465228,7.009780674131243,5.953848922079052,4.984899265487752,3.4040441415960245,1.6923285965026422
