Class,Precision,Recall,F1 Score
Background,0.0,0.0,0.0
Bottle,0.011804587726910166,0.717979474876716,0.02322728634841792
Mean,0.011804587726910166,0.717979474876716,0.02322728634841792
