,Class,Mean Euclidean Distance@0.50,Mean Euclidean Distance@0.55,Mean Euclidean Distance@0.60,Mean Euclidean Distance@0.65,Mean Euclidean Distance@0.70,Mean Euclidean Distance@0.75,Mean Euclidean Distance@0.80,Mean Euclidean Distance@0.85,Mean Euclidean Distance@0.90,Mean Euclidean Distance@0.95
0,Background,,,,,,,,,,
1,Litter,0.9500300823978658,0.7835897252975131,0.7637473106623726,0.7620088845123945,0.7282790986222166,0.7280005647912641,0.7165551284248043,0.7029819503629344,0.6871330336719879,0.7016403631693486
