Class,Precision,Recall,F1 Score
Background,0.0,0.0,0.0
Litter,0.41084513922813876,0.9847775175644028,0.5798000689417442
Mean,0.41084513922813876,0.9847775175644028,0.5798000689417442
