,Class,Mean Euclidean Distance@0.50,Mean Euclidean Distance@0.55,Mean Euclidean Distance@0.60,Mean Euclidean Distance@0.65,Mean Euclidean Distance@0.70,Mean Euclidean Distance@0.75,Mean Euclidean Distance@0.80,Mean Euclidean Distance@0.85,Mean Euclidean Distance@0.90,Mean Euclidean Distance@0.95
0,Background,,,,,,,,,,
1,Litter,4.309871717487907,4.309871717487907,4.250390783972792,4.16572845096267,3.947912408780563,3.9279180795333235,3.7996420689727577,3.7512880605249825,3.2055347636179237,2.2623867403691134
