Class,Precision,Recall,F1 Score
Background,0.0,0.0,0.0
Litter,0.26119402985074625,0.9929078014184397,0.413589364844904
Mean,0.26119402985074625,0.9929078014184397,0.413589364844904
