Class,Precision,Recall,F1 Score
Background,0.0,0.0,0.0
Litter,0.4,0.014184397163120567,0.0273972602739726
Mean,0.4,0.014184397163120567,0.0273972602739726
