Class,Precision,Recall,F1 Score
Background,0.0,0.0,0.0
Litter,0.04,0.014184397163120567,0.0
Mean,0.04,0.014184397163120567,0.0
