,map,map_50,map_75,map_small,map_medium,map_large,mar_1,mar_10,mar_100,mar_small,mar_medium,mar_large,map_per_class,mar_100_per_class,classes
0,0.037698817,0.09218549,0.025305087,0.0,0.035935827,0.03999332,0.056204185,0.061575368,0.061575368,0.0,0.041739937,0.06961243,0.037698817,0.061575368,1
