Class,Precision,Recall,F1 Score
Background,0.0,0.0,0.0
Bottle,0.48733514758216456,0.3102758896441423,0.3791530944625407
Mean,0.48733514758216456,0.3102758896441423,0.3791530944625407
