,map,map_50,map_75,map_small,map_medium,map_large,mar_1,mar_10,mar_100,mar_small,mar_medium,mar_large,map_per_class,mar_100_per_class,classes
0,0.37675297,0.630462,0.45339906,0.0,0.061399393,0.5054824,0.3384513,0.41148874,0.41148874,0.0,0.058167513,0.5545216,0.37675297,0.41148874,1
