,Class,Mean Euclidean Distance@0.50,Mean Euclidean Distance@0.55,Mean Euclidean Distance@0.60,Mean Euclidean Distance@0.65,Mean Euclidean Distance@0.70,Mean Euclidean Distance@0.75,Mean Euclidean Distance@0.80,Mean Euclidean Distance@0.85,Mean Euclidean Distance@0.90,Mean Euclidean Distance@0.95
0,Background,,,,,,,,,,
1,Bottle,5.278337510327524,4.939959053407428,4.712556074804998,4.391828088767789,4.075233331498478,3.8533326473774308,3.6959035788001477,3.619929321897803,3.1613359116674125,1.2865074353525547
