Class,Precision,Recall,F1 Score
Background,0.0,0.0,0.0
Bottle,0.00757591800432002,0.9536185525789684,0.015032412654959384
Mean,0.00757591800432002,0.9536185525789684,0.015032412654959384
