Class,Precision,Recall,F1 Score
Background,0.0,0.0,0.0
Litter,0.6277056277056277,0.8489461358313818,0.7217521154803385
Mean,0.6277056277056277,0.8489461358313818,0.7217521154803385
