Class,Precision,Recall,F1 Score
Background,0.0,0.0,0.0
Litter,0.4779143141813351,0.8425058548009368,0.6098749735113371
Mean,0.4779143141813351,0.8425058548009368,0.6098749735113371
