,map,map_50,map_75,map_small,map_medium,map_large,mar_1,mar_10,mar_100,mar_small,mar_medium,mar_large,map_per_class,mar_100_per_class,classes
0,0.037103347,0.09870771,0.02121312,0.026636967,0.20648316,0.037871286,0.04214876,0.073829204,0.073829204,0.032,0.27213115,0.3,0.037103347,0.073829204,1
