Class,Precision,Recall,F1 Score
Background,0.0,0.0,0.0
Litter,0.05033450143357757,0.43526170798898073,0.09023415191319245
Mean,0.05033450143357757,0.43526170798898073,0.09023415191319245
