Class,Precision,Recall,F1 Score
Background,0.0,0.0,0.0
Litter,0.0007488336915254491,0.117096018735363,0.0014881506008408048
Mean,0.0007488336915254491,0.117096018735363,0.0014881506008408048
