Class,Precision,Recall,F1 Score
Background,0.0,0.0,0.0
Litter,0.0030651340996168583,0.03305785123966942,0.005610098176718092
Mean,0.0030651340996168583,0.03305785123966942,0.005610098176718092
