Class,Precision,Recall,F1 Score
Background,0.0,0.0,0.0
Litter,0.10917721518987342,0.9787234042553191,0.19644128113879003
Mean,0.10917721518987342,0.9787234042553191,0.19644128113879003
