,map,map_50,map_75,map_small,map_medium,map_large,mar_1,mar_10,mar_100,mar_small,mar_medium,mar_large,map_per_class,mar_100_per_class,classes
0,0.09617197,0.14144967,0.11752834,0.000990099,0.0055292067,0.47424605,0.1014637,0.10521077,0.10521077,0.00012091899,0.005615942,0.53647417,0.09617197,0.10521077,1
