Class,Precision,Recall,F1 Score
Background,0.0,0.0,0.0
Litter,0.003111590164934616,0.5374707259953162,0.006187359722849421
Mean,0.003111590164934616,0.5374707259953162,0.006187359722849421
