,map,map_50,map_75,map_small,map_medium,map_large,mar_1,mar_10,mar_100,mar_small,mar_medium,mar_large,map_per_class,mar_100_per_class,classes
0,0.7443918,0.96654975,0.92063123,-1.0,0.6019474,0.7733599,0.5248227,0.7787234,0.7787234,-1.0,0.644,0.8077586,0.7443918,0.7787234,1
