Class,Precision,Recall,F1 Score
Background,0.0,0.0,0.0
Litter,0.7433155080213903,0.9858156028368794,0.847560975609756
Mean,0.7433155080213903,0.9858156028368794,0.847560975609756
