Class,Precision,Recall,F1 Score
Background,0.0,0.0,0.0
Litter,0.28136617100371747,0.7090163934426229,0.4028609447771124
Mean,0.28136617100371747,0.7090163934426229,0.4028609447771124
