Class,Precision,Recall,F1 Score
Background,0.0,0.0,0.0
Litter,0.003302199328873405,0.5427400468384075,0.006564458449881386
Mean,0.003302199328873405,0.5427400468384075,0.006564458449881386
