,map,map_50,map_75,map_small,map_medium,map_large,mar_1,mar_10,mar_100,mar_small,mar_medium,mar_large,map_per_class,mar_100_per_class,classes
0,0.1839654,0.44288346,0.10685365,0.0,0.09814919,0.21884923,0.20602426,0.24804744,0.24804744,0.0,0.15219806,0.28687513,0.1839654,0.24804744,1
