Class,Precision,Recall,F1 Score
Background,0.0,0.0,0.0
Bottle,0.0058115604955679715,0.7866186858589898,0.0115378788249036
Mean,0.0058115604955679715,0.7866186858589898,0.0115378788249036
