,map,map_50,map_75,map_small,map_medium,map_large,mar_1,mar_10,mar_100,mar_small,mar_medium,mar_large,map_per_class,mar_100_per_class,classes
0,0.36655593,0.7672939,0.30189034,0.0,0.19012308,0.43354443,0.33954418,0.44363588,0.44363588,0.0,0.2502545,0.52196217,0.36655593,0.44363588,1
