Class,Precision,Recall,F1 Score
Background,0.0,0.0,0.0
Bottle,0.0072744537450844795,0.9393575902972144,0.014437105491446403
Mean,0.0072744537450844795,0.9393575902972144,0.014437105491446403
