Class,Precision,Recall,F1 Score
Background,0.0,0.0,0.0
Litter,0.007767532830399553,0.9858156028368794,0.015413617210024395
Mean,0.007767532830399553,0.9858156028368794,0.015413617210024395
