Class,Precision,Recall,F1 Score
Background,0.0,0.0,0.0
Litter,0.01301715438950555,0.9148936170212766,0.025669087652969852
Mean,0.01301715438950555,0.9148936170212766,0.025669087652969852
