,epoch,train_loss,val_loss,bbox_regression_train,classification_train,bbox_regression_val,classification_val
0,1,4.035601020416367,3.7500276164473774,0.7793968644027955,4.49265299194327,1.9097625017166138,1.9097625017166138
1,2,2.4552110142518426,3.2813429631919506,0.6458280137696556,2.5435654071168363,1.7653042674064636,1.7653042674064636
2,3,2.0470821815673435,3.1789370686094336,0.5586927250445446,2.0995558292787764,1.7637104392051697,1.7637104392051697
3,4,1.7866030886908557,3.1619357839923037,0.4957374968505073,1.8226511194327166,1.7440361380577087,1.7440361380577087
4,5,1.586850677486335,3.214949176690289,0.4476794080425785,1.608948722272833,1.7883301973342896,1.7883301973342896
5,6,1.4204058157645654,3.316721690592365,0.4082301725050278,1.4296620688009485,1.7811525166034698,1.7811525166034698
6,7,1.2883727026180687,3.4305283154282615,0.37804464699926776,1.286033830979717,1.8482446372509003,1.8482446372509003
7,8,1.1771782062181801,3.5983765169838877,0.35352577877483354,1.1640463734271926,1.9417385458946228,1.9417385458946228
8,9,1.078429562953588,3.684563369394463,0.3315420229527577,1.0558582514733355,1.9548993408679962,1.9548993408679962
