Class,Precision,Recall,F1 Score
Background,0.0,0.0,0.0
Litter,0.00375203001624013,0.18457300275482094,0.0073545554335894625
Mean,0.00375203001624013,0.18457300275482094,0.0073545554335894625
