,map,map_50,map_75,map_small,map_medium,map_large,mar_1,mar_10,mar_100,mar_small,mar_medium,mar_large,map_per_class,mar_100_per_class,classes
0,9.428854e-06,6.0884846e-05,0.0,1.20176455e-05,1.0810908e-05,0.0,0.0,0.0002754821,0.0049586776,0.0046666665,0.006557377,0.0,9.428854e-06,0.0049586776,1
