Class,Precision,Recall,F1 Score
Background,0.0,0.0,0.0
Litter,0.001038961038961039,0.02203856749311295,0.0019843730621356814
Mean,0.001038961038961039,0.02203856749311295,0.0019843730621356814
