,map,map_50,map_75,map_small,map_medium,map_large,mar_1,mar_10,mar_100,mar_small,mar_medium,mar_large,map_per_class,mar_100_per_class,classes
0,0.13431363,0.287335,0.09560279,0.09216791,0.3426058,0.4039604,0.08016529,0.17658402,0.1768595,0.12566666,0.42131147,0.4,0.13431363,0.1768595,1
