Class,Precision,Recall,F1 Score
Background,0.0,0.0,0.0
Litter,0.24411764705882352,0.4573002754820937,0.31831255992329816
Mean,0.24411764705882352,0.4573002754820937,0.31831255992329816
