,Class,Mean Euclidean Distance@0.50,Mean Euclidean Distance@0.55,Mean Euclidean Distance@0.60,Mean Euclidean Distance@0.65,Mean Euclidean Distance@0.70,Mean Euclidean Distance@0.75,Mean Euclidean Distance@0.80,Mean Euclidean Distance@0.85,Mean Euclidean Distance@0.90,Mean Euclidean Distance@0.95
0,Background,14.229829458933963,12.647702582841973,10.567937492082782,10.89870447286614,7.935399481306578,6.879670084465609,4.799830012029242,,,
1,Bottle,12.300269616472777,11.216760114386304,10.033300627034965,8.763241002141948,7.62197879715382,6.510593826951288,5.517291993764729,4.482032289042327,3.119465662370282,1.7791320049445765
