Class,Precision,Recall,F1 Score
Background,0.0,0.0,0.0
Bottle,0.014928830118756843,0.7559642809542849,0.029279447861469805
Mean,0.014928830118756843,0.7559642809542849,0.029279447861469805
