,map,map_50,map_75,map_small,map_medium,map_large,mar_1,mar_10,mar_100,mar_small,mar_medium,mar_large,map_per_class,mar_100_per_class,classes
0,0.044097275,0.10018069,0.031390674,0.0,0.002640264,0.05966376,0.06894576,0.072530985,0.072530985,0.0,0.00055529847,0.10166635,0.044097275,0.072530985,1
