,Class,Mean Euclidean Distance@0.50,Mean Euclidean Distance@0.55,Mean Euclidean Distance@0.60,Mean Euclidean Distance@0.65,Mean Euclidean Distance@0.70,Mean Euclidean Distance@0.75,Mean Euclidean Distance@0.80,Mean Euclidean Distance@0.85,Mean Euclidean Distance@0.90,Mean Euclidean Distance@0.95
0,Background,,,,,,,,,,
1,Bottle,12.530246470313172,11.712441788349787,10.767622698433327,9.885327411551076,8.81089899565143,7.854822952129559,6.443504213322976,5.178737972915918,3.8199761925170597,1.9953587692271728
