Class,Precision,Recall,F1 Score
Background,0.0,0.0,0.0
Bottle,0.007798388176516046,0.8849793415966947,0.01546053895345656
Mean,0.007798388176516046,0.8849793415966947,0.01546053895345656
