Class,Precision,Recall,F1 Score
Background,0.0,0.0,0.0
Litter,0.45808062789868,0.7517564402810304,0.5692751052981601
Mean,0.45808062789868,0.7517564402810304,0.5692751052981601
