,Class,Mean Euclidean Distance@0.50,Mean Euclidean Distance@0.55,Mean Euclidean Distance@0.60,Mean Euclidean Distance@0.65,Mean Euclidean Distance@0.70,Mean Euclidean Distance@0.75,Mean Euclidean Distance@0.80,Mean Euclidean Distance@0.85,Mean Euclidean Distance@0.90,Mean Euclidean Distance@0.95
0,Background,,,,,,,,,,
1,Object,24.968344413713773,22.97488291085515,20.36618543904671,17.685275063675256,15.266086689497714,13.248115299458236,11.125029261657234,9.032167312278112,7.24955417488561,4.607429271531783
