Class,Precision,Recall,F1 Score
Background,0.0,0.0,0.0
Object,0.0733834649904553,0.8880663688576899,0.13556482094844718
Mean,0.0733834649904553,0.8880663688576899,0.13556482094844718
