Class,Precision,Recall,F1 Score
Background,0.0,0.0,0.0
Litter,0.01586033774532177,0.9858156028368794,0.031218416619876475
Mean,0.01586033774532177,0.9858156028368794,0.031218416619876475
