,Class,Mean Euclidean Distance@0.50,Mean Euclidean Distance@0.55,Mean Euclidean Distance@0.60,Mean Euclidean Distance@0.65,Mean Euclidean Distance@0.70,Mean Euclidean Distance@0.75,Mean Euclidean Distance@0.80,Mean Euclidean Distance@0.85,Mean Euclidean Distance@0.90,Mean Euclidean Distance@0.95
0,Background,,,,,,,,,,
1,aeroplane,21.98407426613615,20.485418595891925,20.067086646789853,19.93062928451011,19.000936708159912,16.78274719610301,14.501061324402269,11.41087235483526,10.030993232132595,7.194535247029074
2,bicycle,31.2632835450735,28.4399940273014,25.521478639595387,19.466967815752298,18.20876296418783,17.517552494796053,16.094404354083732,14.47159907814843,10.43900941749951,5.3679672054656775
3,bird,36.44763189971328,29.941079230950034,26.85086253767336,24.031416696952785,22.131342342375085,17.345365721240555,14.947372374158025,12.620854755910026,10.802890459375048,9.536229776891048
4,boat,26.044681811301803,24.825351587536176,23.648818897105194,19.86055067615768,16.001338188847622,13.255517816094828,11.486142708931057,10.140469666539706,7.475217929458474,5.448161280809988
5,bottle,10.634218468994556,10.476200341951374,9.85160054175155,9.65121847634712,9.68686073813951,8.031584038138243,5.985181296844524,4.295463923435457,4.37249145690683,2.2154689898489317
