,Class,Mean Euclidean Distance@0.50,Mean Euclidean Distance@0.55,Mean Euclidean Distance@0.60,Mean Euclidean Distance@0.65,Mean Euclidean Distance@0.70,Mean Euclidean Distance@0.75,Mean Euclidean Distance@0.80,Mean Euclidean Distance@0.85,Mean Euclidean Distance@0.90,Mean Euclidean Distance@0.95
0,Background,,,,,,,,,,
1,Object,25.937409511893012,24.325900713772125,22.57123353788878,20.76588445476637,18.778970505326402,16.887223818418242,15.15045423360238,13.113730857551612,9.96574554657536,5.961485565298271
