Class,Precision,Recall,F1 Score
Background,0.0,0.0,0.0
Object,0.016887946063908903,0.8839821314613912,0.03314272042110301
Mean,0.016887946063908903,0.8839821314613912,0.03314272042110301
