Class,Precision,Recall,F1 Score
Background,0.0,0.0,0.0
Litter,0.016614615865084323,0.9432624113475178,0.0326540633439725
Mean,0.016614615865084323,0.9432624113475178,0.0326540633439725
