,Class,Mean Euclidean Distance@0.50,Mean Euclidean Distance@0.55,Mean Euclidean Distance@0.60,Mean Euclidean Distance@0.65,Mean Euclidean Distance@0.70,Mean Euclidean Distance@0.75,Mean Euclidean Distance@0.80,Mean Euclidean Distance@0.85,Mean Euclidean Distance@0.90,Mean Euclidean Distance@0.95
0,Background,,,,,,,,,,
1,Litter,4.257922333116737,3.7539539507700423,3.7539539507700423,3.6889992367920628,3.687791209897182,3.664062269182515,3.6175261766829365,3.598712381759634,3.0592365412286795,2.4667381202603145
