Class,Precision,Recall,F1 Score
Background,0.0,0.0,0.0
Litter,0.29324894514767935,0.9858156028368794,0.45203252032520325
Mean,0.29324894514767935,0.9858156028368794,0.45203252032520325
