Class,Precision,Recall,F1 Score
Background,0.0,0.0,0.0
Litter,0.015996122152205527,0.9361702127659575,0.031454783748361734
Mean,0.015996122152205527,0.9361702127659575,0.031454783748361734
