Class,Precision,Recall,F1 Score
Background,0.0,0.0,0.0
Litter,0.004163451480700311,0.7107728337236534,0.008278411008786436
Mean,0.004163451480700311,0.7107728337236534,0.008278411008786436
