Class,Precision,Recall,F1 Score
Background,0.0,0.0,0.0
Object,0.10177446580756722,0.9465220165922145,0.18378726673440562
Mean,0.10177446580756722,0.9465220165922145,0.18378726673440562
