,map,map_50,map_75,map_small,map_medium,map_large,mar_1,mar_10,mar_100,mar_small,mar_medium,mar_large,map_per_class,mar_100_per_class,classes
0,0.48802304,0.9586494,0.4305699,0.1,0.37237737,0.5510494,0.39277622,0.55888313,0.55888313,0.1,0.42683944,0.6123947,0.48802304,0.55888313,1
