Class,Precision,Recall,F1 Score
Background,0.0,0.0,0.0
Bottle,0.5547505848615198,0.9797414367586299,0.7083935626867109
Mean,0.5547505848615198,0.9797414367586299,0.7083935626867109
