Class,Precision,Recall,F1 Score
Background,0.0,0.0,0.0
Litter,0.0028750211398613224,0.3617021276595745,0.005704697986577181
Mean,0.0028750211398613224,0.3617021276595745,0.005704697986577181
