Class,Precision,Recall,F1 Score
Background,0.0,0.0,0.0
Litter,0.003585415632412157,0.1790633608815427,0.007030067056024226
Mean,0.003585415632412157,0.1790633608815427,0.007030067056024226
