,map,map_50,map_75,map_small,map_medium,map_large,mar_1,mar_10,mar_100,mar_small,mar_medium,mar_large,map_per_class,mar_100_per_class,classes
0,0.052101348,0.17982963,0.012305707,0.03857196,0.14632516,0.0,0.038567495,0.08099174,0.08099174,0.049,0.2409836,0.0,0.052101348,0.08099174,1
