,Class,Mean Euclidean Distance@0.50,Mean Euclidean Distance@0.55,Mean Euclidean Distance@0.60,Mean Euclidean Distance@0.65,Mean Euclidean Distance@0.70,Mean Euclidean Distance@0.75,Mean Euclidean Distance@0.80,Mean Euclidean Distance@0.85,Mean Euclidean Distance@0.90,Mean Euclidean Distance@0.95
0,Background,,,,,,,,,,
1,Litter,2.391410071335161,2.1231569133072905,2.1033253568341697,2.016974526731155,1.999451344357053,2.1188768243286207,1.6464160633527607,1.4840951925695107,0.22432878229799436,0.22432878229799436
