Class,Precision,Recall,F1 Score
Background,0.0,0.0,0.0
Litter,0.21869782971619364,0.3608815426997245,0.2723492723492723
Mean,0.21869782971619364,0.3608815426997245,0.2723492723492723
