,map,map_50,map_75,map_small,map_medium,map_large,mar_1,mar_10,mar_100,mar_small,mar_medium,mar_large,map_per_class,mar_100_per_class,classes
0,0.050101474,0.102494806,0.03993616,0.0,0.0044554453,0.06857872,0.056750633,0.060335867,0.060335867,0.0,0.001434521,0.08417899,0.050101474,0.060335867,1
