,Class,Mean Euclidean Distance@0.50,Mean Euclidean Distance@0.55,Mean Euclidean Distance@0.60,Mean Euclidean Distance@0.65,Mean Euclidean Distance@0.70,Mean Euclidean Distance@0.75,Mean Euclidean Distance@0.80,Mean Euclidean Distance@0.85,Mean Euclidean Distance@0.90,Mean Euclidean Distance@0.95
0,Background,,,,,,,,,,
1,Bottle,15.216542951685891,13.61931274223527,12.33533498440486,11.098472913771085,9.724753827514055,8.247812344355648,7.027516765591334,5.505100343891917,3.9611610501303085,1.5739127407495606
