Class,Precision,Recall,F1 Score
Background,0.0,0.0,0.0
Bottle,0.010119455755659106,0.578302012528322,0.01989085016308297
Mean,0.010119455755659106,0.578302012528322,0.01989085016308297
