,map,map_50,map_75,map_small,map_medium,map_large,mar_1,mar_10,mar_100,mar_small,mar_medium,mar_large,map_per_class,mar_100_per_class,classes
0,4.5316116e-05,0.0002759007,9.728141e-07,0.0,2.550902e-05,5.164075e-05,0.0,0.00049313606,0.031120885,0.0,0.011568719,0.039037634,4.5316116e-05,0.031120885,1
