Class,Precision,Recall,F1 Score
Background,0.0,0.0,0.0
Bottle,0.002605958846026687,0.3477275756364121,0.0051731487999048245
Mean,0.002605958846026687,0.3477275756364121,0.0051731487999048245
