,map,map_50,map_75,map_small,map_medium,map_large,mar_1,mar_10,mar_100,mar_small,mar_medium,mar_large,map_per_class,mar_100_per_class,classes
0,0.5644595,0.9780482,0.6170638,0.3,0.45613763,0.62432843,0.44479543,0.6310809,0.6310809,0.3,0.5008792,0.6838232,0.5644595,0.6310809,1
