Class,Precision,Recall,F1 Score
Background,0.0,0.0,0.0
Bottle,0.6857749469214437,0.9901372784219645,0.8103184991273996
Mean,0.6857749469214437,0.9901372784219645,0.8103184991273996
