,map,map_50,map_75,map_small,map_medium,map_large,mar_1,mar_10,mar_100,mar_small,mar_medium,mar_large,map_per_class,mar_100_per_class,classes
0,0.43896332,0.8350059,0.43620226,0.36789435,0.749237,0.85049504,0.14738292,0.45564738,0.45867768,0.393,0.7688525,0.85,0.43896332,0.45867768,1
