Class,Precision,Recall,F1 Score
Background,0.0,0.0,0.0
Litter,0.7875,0.8677685950413223,0.8256880733944953
Mean,0.7875,0.8677685950413223,0.8256880733944953
