,map,map_50,map_75,map_small,map_medium,map_large,mar_1,mar_10,mar_100,mar_small,mar_medium,mar_large,map_per_class,mar_100_per_class,classes
0,0.46111932,0.8203636,0.47388273,0.1,0.31099343,0.5178062,0.39650807,0.54570174,0.54570174,0.1,0.4085146,0.6012919,0.46111932,0.54570174,1
