Class,Precision,Recall,F1 Score
Background,0.0,0.0,0.0
Bottle,0.24230926989335522,0.9448220711715314,0.3857014608667266
Mean,0.24230926989335522,0.9448220711715314,0.3857014608667266
