Class,Precision,Recall,F1 Score
Background,0.0,0.0,0.0
Litter,0.015264238070805541,0.8439716312056738,0.02998614085926672
Mean,0.015264238070805541,0.8439716312056738,0.02998614085926672
