,map,map_50,map_75,map_small,map_medium,map_large,mar_1,mar_10,mar_100,mar_small,mar_medium,mar_large,map_per_class,mar_100_per_class,classes
0,0.05535086,0.14686397,0.023795217,0.038965225,0.22363621,0.25247526,0.050964188,0.08842975,0.08842975,0.045666665,0.29344264,0.25,0.05535086,0.08842975,1
