Class,Precision,Recall,F1 Score
Background,0.0,0.0,0.0
Litter,0.08261120739456962,0.3939393939393939,0.13658070678127984
Mean,0.08261120739456962,0.3939393939393939,0.13658070678127984
