,map,map_50,map_75,map_small,map_medium,map_large,mar_1,mar_10,mar_100,mar_small,mar_medium,mar_large,map_per_class,mar_100_per_class,classes
0,0.39239204,0.718653,0.3969123,0.0,0.2291211,0.4561843,0.35997602,0.45689723,0.45689723,0.0,0.27482647,0.53064966,0.39239204,0.45689723,1
