Class,Precision,Recall,F1 Score
Background,0.0,0.0,0.0
Bottle,0.18620902559497082,0.8843129414900707,0.3076388083922569
Mean,0.18620902559497082,0.8843129414900707,0.3076388083922569
