,map,map_50,map_75,map_small,map_medium,map_large,mar_1,mar_10,mar_100,mar_small,mar_medium,mar_large,map_per_class,mar_100_per_class,classes
0,0.4608743,0.8159978,0.47805542,0.0,0.2647156,0.53749776,0.40245235,0.55080634,0.55080634,0.0,0.3867191,0.61730015,0.4608743,0.55080634,1
