Class,Precision,Recall,F1 Score
Background,0.0,0.0,0.0
Bottle,0.12253172287439777,0.9626815940290551,0.21739326721945496
Mean,0.12253172287439777,0.9626815940290551,0.21739326721945496
