Class,Precision,Recall,F1 Score
Background,0.0,0.0,0.0
Litter,0.1218390804597701,0.9929078014184397,0.18611111111111116
Mean,0.1218390804597701,0.9929078014184397,0.18611111111111116
