Class,Precision,Recall,F1 Score
Background,0.0,0.0,0.0
Litter,0.3218390804597701,0.9929078014184397,0.48611111111111116
Mean,0.3218390804597701,0.9929078014184397,0.48611111111111116
