,Class,Mean Euclidean Distance@0.50,Mean Euclidean Distance@0.55,Mean Euclidean Distance@0.60,Mean Euclidean Distance@0.65,Mean Euclidean Distance@0.70,Mean Euclidean Distance@0.75,Mean Euclidean Distance@0.80,Mean Euclidean Distance@0.85,Mean Euclidean Distance@0.90,Mean Euclidean Distance@0.95
0,Background,,,,,,,,,,
1,Object,25.79835126289196,23.810909610711132,21.930577264034486,20.03701677129486,17.653784674393798,15.145035631932103,13.168426050112641,11.164687270502666,8.570490920762154,5.402886502144057
