Class,Precision,Recall,F1 Score
Background,0.0,0.0,0.0
Object,0.08270172068642312,0.9121888959795789,0.15165404120780018
Mean,0.08270172068642312,0.9121888959795789,0.15165404120780018
