,Class,Mean Euclidean Distance@0.50,Mean Euclidean Distance@0.55,Mean Euclidean Distance@0.60,Mean Euclidean Distance@0.65,Mean Euclidean Distance@0.70,Mean Euclidean Distance@0.75,Mean Euclidean Distance@0.80,Mean Euclidean Distance@0.85,Mean Euclidean Distance@0.90,Mean Euclidean Distance@0.95
0,Background,,,,,,,,,,
1,Litter,0.92702737117445,0.8680560830555363,0.8058724749893388,0.7649536793026285,0.7640304919667806,0.7651373878738505,0.7273394926576082,0.7266981421025049,0.7166465681580475,0.7486486029357051
