Class,Precision,Recall,F1 Score
Background,0.0,0.0,0.0
Litter,0.9658823529411765,0.9613583138173302,0.9636150234741784
Mean,0.9658823529411765,0.9613583138173302,0.9636150234741784
