,map,map_50,map_75,map_small,map_medium,map_large,mar_1,mar_10,mar_100,mar_small,mar_medium,mar_large,map_per_class,mar_100_per_class,classes
0,0.13027623,0.28639305,0.09654779,0.0,0.085533336,0.14943795,0.15809676,0.19269626,0.19269626,0.0,0.11490051,0.22420895,0.13027623,0.19269626,1
