Class,Precision,Recall,F1 Score
Background,0.0,0.0,0.0
Bottle,0.3185142575396499,0.516593362654938,0.39406262708418055
Mean,0.3185142575396499,0.516593362654938,0.39406262708418055
