,epoch,time_elapsed,total_time_elapsed
0,1,661.4493215084076,661.4493215084076
1,2,660.8662548065186,1322.3155763149261
2,3,661.3634293079376,1983.6790056228638
3,4,764.4053828716278,2748.0843884944916
4,5,745.9183928966522,3494.002781391144
5,6,745.4721953868866,4239.47497677803
6,7,745.0457031726837,4984.520679950714
7,8,738.4026045799255,5722.92328453064
8,9,785.0899658203125,6508.013250350952
9,10,744.8761172294617,7252.889367580414
10,11,744.5228357315063,7997.41220331192
