Class,Precision,Recall,F1 Score
Background,0.0,0.0,0.0
Litter,0.483948087431694,0.8296252927400468,0.6113028472821398
Mean,0.483948087431694,0.8296252927400468,0.6113028472821398
