Class,Precision,Recall,F1 Score
Background,0.0,0.0,0.0
Litter,0.007789510126363164,0.9574468085106383,0.015453296703296704
Mean,0.007789510126363164,0.9574468085106383,0.015453296703296704
