,Class,Mean Euclidean Distance@0.50,Mean Euclidean Distance@0.55,Mean Euclidean Distance@0.60,Mean Euclidean Distance@0.65,Mean Euclidean Distance@0.70,Mean Euclidean Distance@0.75,Mean Euclidean Distance@0.80,Mean Euclidean Distance@0.85,Mean Euclidean Distance@0.90,Mean Euclidean Distance@0.95
0,Clear Plastic Bottle,,,,,,,,,,
1,Drink Can,16.648778915405273,15.94807243347168,15.834656715393066,16.04368782043457,15.706889152526855,16.165220260620117,15.889927864074707,14.180434226989746,9.492981910705566,11.062387466430664
2,Drink Carton,32.16819381713867,32.16819381713867,32.16819381713867,32.16819381713867,32.16819381713867,29.84409523010254,32.406982421875,22.602100372314453,22.123001098632812,
3,Glass Bottle,58.04305648803711,53.7979736328125,53.594093322753906,48.89412307739258,44.2759895324707,37.4714469909668,27.59664535522461,25.71794319152832,15.810791015625,
4,Glass Jar,32.696895599365234,35.646759033203125,35.646759033203125,31.03316307067871,24.929292678833008,19.815645217895508,19.049365997314453,20.971786499023438,15.741596221923828,
5,Other Plastic Bottle,48.63938903808594,48.63938903808594,48.63938903808594,48.63938903808594,50.67436981201172,51.82480239868164,46.897762298583984,39.52070617675781,24.004505157470703,
