,Class,Mean Euclidean Distance@0.50,Mean Euclidean Distance@0.55,Mean Euclidean Distance@0.60,Mean Euclidean Distance@0.65,Mean Euclidean Distance@0.70,Mean Euclidean Distance@0.75,Mean Euclidean Distance@0.80,Mean Euclidean Distance@0.85,Mean Euclidean Distance@0.90,Mean Euclidean Distance@0.95
0,Background,,,,,,,,,,
1,Clear Plastic Bottle,40.508514404296875,40.508514404296875,41.133853912353516,41.818233489990234,40.9858512878418,39.40409469604492,36.84993362426758,29.13056182861328,6.703115463256836,3.0646543502807617
2,Drink Can,16.870084762573242,16.870084762573242,16.070066452026367,14.223509788513184,14.027386665344238,14.108894348144531,13.72868537902832,13.305891990661621,8.607767105102539,1.9990544319152832
3,Drink Carton,17.739837646484375,17.739837646484375,17.739837646484375,17.739837646484375,17.840822219848633,17.840822219848633,15.346882820129395,13.816205978393555,13.3677339553833,4.4491472244262695
4,Glass Bottle,46.91093826293945,46.91093826293945,46.91093826293945,44.13057327270508,36.21478271484375,35.8590087890625,28.280437469482422,19.293251037597656,32.21466827392578,
5,Glass Jar,49.205474853515625,49.205474853515625,47.49997329711914,44.79511642456055,36.36558532714844,24.53804588317871,15.195281982421875,11.930998802185059,15.708578109741211,14.308016777038574
6,Other Plastic Bottle,25.757387161254883,25.757387161254883,25.757387161254883,25.757387161254883,26.567821502685547,25.119579315185547,25.92032814025879,19.450002670288086,13.301335334777832,
