Class,Precision,Recall,F1 Score
Background,0.0,0.0,0.0
Clear Plastic Bottle,0.24166666666666667,0.8787878787878788,0.3790849673202615
Drink Can,0.3151515151515151,0.9811320754716981,0.4770642201834862
Drink Carton,0.34782608695652173,1.0,0.5161290322580645
Glass Bottle,0.08609271523178808,0.7222222222222222,0.15384615384615383
Glass Jar,0.11,1.0,0.19819819819819817
Other Plastic Bottle,0.358974358974359,0.7777777777777778,0.49122807017543857
Mean,0.24328522383014176,0.8933199923765961,0.36925844033026706
