Class,Precision,Recall,F1 Score
Clear Plastic Bottle,0.0,0.0,0.0
Drink Can,0.23214285714285715,0.9811320754716981,0.37545126353790614
Drink Carton,0.12121212121212122,1.0,0.21621621621621626
Glass Bottle,0.08,0.7777777777777778,0.1450777202072539
Glass Jar,0.0641025641025641,0.9090909090909091,0.11976047904191615
Other Plastic Bottle,0.1782178217821782,1.0,0.3025210084033613
Mean,0.13513507284794413,0.9336001524680771,0.23180533748133075
