,Class,Mean Euclidean Distance@0.50,Mean Euclidean Distance@0.55,Mean Euclidean Distance@0.60,Mean Euclidean Distance@0.65,Mean Euclidean Distance@0.70,Mean Euclidean Distance@0.75,Mean Euclidean Distance@0.80,Mean Euclidean Distance@0.85,Mean Euclidean Distance@0.90,Mean Euclidean Distance@0.95
0,Background,,,,,,,,,,
1,Object,39.563991576270865,32.858513508880435,27.698281185567105,22.958539865686575,19.240355369561108,15.744377809761872,12.499227011603983,9.326288993095009,5.769660487385275,2.821867324126913
