Class,Precision,Recall,F1 Score
Background,0.0,0.0,0.0
Object,0.005794450887679543,0.4973835354179962,0.011455447363586259
Mean,0.005794450887679543,0.4973835354179962,0.011455447363586259
