Class,Precision,Recall,F1 Score
Background,0.0,0.0,0.0
Litter,0.6511627906976745,0.9929078014184397,0.7865168539325843
Mean,0.6511627906976745,0.9929078014184397,0.7865168539325843
