,map,map_50,map_75,map_small,map_medium,map_large,mar_1,mar_10,mar_100,mar_small,mar_medium,mar_large,map_per_class,mar_100_per_class,classes
0,0.11208664,0.30897126,0.05118248,0.077611245,0.31256792,0.3029703,0.07410468,0.1584022,0.1584022,0.100666665,0.43770492,0.3,0.11208664,0.1584022,1
