Class,Precision,Recall,F1 Score
Background,0.0,0.0,0.0
Litter,0.2751235584843493,0.46005509641873277,0.34432989690721644
Mean,0.2751235584843493,0.46005509641873277,0.34432989690721644
