,map,map_50,map_75,map_small,map_medium,map_large,mar_1,mar_10,mar_100,mar_small,mar_medium,mar_large,map_per_class,mar_100_per_class,classes
0,0.3420441,0.6395823,0.32774994,0.0,0.14069985,0.41594714,0.32077837,0.43963748,0.43963748,0.0,0.2672374,0.50947386,0.3420441,0.43963748,1
