Class,Precision,Recall,F1 Score
Background,0.0,0.0,0.0
Bottle,0.07502920496374176,0.9073703851792616,0.13859793772457527
Mean,0.07502920496374176,0.9073703851792616,0.13859793772457527
