,Class,Mean Euclidean Distance@0.50,Mean Euclidean Distance@0.55,Mean Euclidean Distance@0.60,Mean Euclidean Distance@0.65,Mean Euclidean Distance@0.70,Mean Euclidean Distance@0.75,Mean Euclidean Distance@0.80,Mean Euclidean Distance@0.85,Mean Euclidean Distance@0.90,Mean Euclidean Distance@0.95
0,Background,,,,,,,,,,
1,Litter,2.7480297947232497,2.6890482174785175,2.647614968962881,2.630125996394932,2.5692113558947103,2.5442985809023284,2.542924822905392,2.3082416215180097,1.8145869234749779,1.333771843229194
