Class,Precision,Recall,F1 Score
Background,0.0,0.0,0.0
Litter,0.15572619159097295,0.9736533957845434,0.26850730604666184
Mean,0.15572619159097295,0.9736533957845434,0.26850730604666184
