Class,Precision,Recall,F1 Score
Background,0.0,0.0,0.0
Litter,0.12355555555555556,0.9858156028368794,0.21958925750394942
Mean,0.12355555555555556,0.9858156028368794,0.21958925750394942
