,map,map_50,map_75,map_small,map_medium,map_large,mar_1,mar_10,mar_100,mar_small,mar_medium,mar_large,map_per_class,mar_100_per_class,classes
0,0.010903333,0.039504092,0.0031169783,0.004950495,0.06273967,0.08079208,0.014876033,0.019283747,0.019283747,0.0023333333,0.09016393,0.4,0.010903333,0.019283747,1
