,epoch,time_elapsed,total_time_elapsed
0,1,270.6112639904022,270.6112639904022
1,2,272.10519099235535,542.7164549827576
2,3,270.9095404148102,813.6259953975677
3,4,271.08815693855286,1084.7141523361206
4,5,270.90608191490173,1355.6202342510223
5,6,269.9198486804962,1625.5400829315186
6,7,271.48594903945923,1897.0260319709778
7,8,270.52945947647095,2167.5554914474487
8,9,270.526492357254,2438.0819838047028
9,10,271.70841336250305,2709.790397167206
10,11,270.2118992805481,2980.002296447754
