,map,map_50,map_75,map_small,map_medium,map_large,mar_1,mar_10,mar_100,mar_small,mar_medium,mar_large,map_per_class,mar_100_per_class,classes
0,0.115963034,0.2805079,0.060073134,0.085403256,0.29749313,0.3029703,0.07107438,0.15647383,0.15647383,0.107,0.39508197,0.3,0.115963034,0.15647383,1
