Class,Precision,Recall,F1 Score
Background,0.0,0.0,0.0
Litter,0.3550420168067227,0.465564738292011,0.4028605482717521
Mean,0.3550420168067227,0.465564738292011,0.4028605482717521
