Class,Precision,Recall,F1 Score
Background,0.0,0.0,0.0
Object,0.05251141552511415,0.008806636885768986,0.015083615695704449
Mean,0.05251141552511415,0.008806636885768986,0.015083615695704449
