,map,map_50,map_75,map_small,map_medium,map_large,mar_1,mar_10,mar_100,mar_small,mar_medium,mar_large,map_per_class,mar_100_per_class,classes
0,0.23861754,0.5049027,0.18388955,0.0,0.20804259,0.25320664,0.2555511,0.3624417,0.3624417,0.0,0.28523833,0.3937465,0.23861754,0.3624417,1
