Class,Precision,Recall,F1 Score
Background,0.0,0.0,0.0
Bottle,0.23198467799856357,0.774890043982407,0.35707047443574386
Mean,0.23198467799856357,0.774890043982407,0.35707047443574386
