,epoch,time_elapsed,total_time_elapsed
0,1,531.87824177742,531.87824177742
1,2,532.6359820365906,1064.5142238140106
2,3,533.7671766281128,1598.2814004421234
3,4,532.458220243454,2130.7396206855774
4,5,532.8081243038177,2663.547744989395
5,6,530.9439244270325,3194.4916694164276
6,7,531.5473062992096,3726.038975715637
7,8,532.1186513900757,4258.157627105713
8,9,532.0727007389069,4790.23032784462
9,10,532.9523000717163,5323.182627916336
