Class,Precision,Recall,F1 Score
Background,0.0,0.0,0.0
Litter,0.7672462142456534,0.8009367681498829,0.7837295903752507
Mean,0.7672462142456534,0.8009367681498829,0.7837295903752507
