,Class,Mean Euclidean Distance@0.50,Mean Euclidean Distance@0.55,Mean Euclidean Distance@0.60,Mean Euclidean Distance@0.65,Mean Euclidean Distance@0.70,Mean Euclidean Distance@0.75,Mean Euclidean Distance@0.80,Mean Euclidean Distance@0.85,Mean Euclidean Distance@0.90,Mean Euclidean Distance@0.95
0,Background,13.723760237501896,12.22573315300637,11.333195100907078,9.900358690503987,8.350575093755038,6.669765754508207,5.624595791776093,4.348209181074357,3.1358014847847335,1.8120838090294116
1,Bottle,12.4820648109273,11.615309119101514,10.620014032940826,9.459195648273822,7.913497976047462,6.7779423145934965,5.728953361171277,4.9002510624980316,2.729710630095585,1.1789991556579182
