Class,Precision,Recall,F1 Score
Background,0.0,0.0,0.0
Bottle,0.7390029325513197,0.03358656537385046,0.06425293217746049
Mean,0.7390029325513197,0.03358656537385046,0.06425293217746049
