,map,map_50,map_75,map_small,map_medium,map_large,mar_1,mar_10,mar_100,mar_small,mar_medium,mar_large,map_per_class,mar_100_per_class,classes
0,0.009680276,0.019399501,0.009530172,0.0,0.023183458,0.0062331636,0.018605892,0.019112354,0.019112354,0.0,0.024479408,0.016944392,0.009680276,0.019112354,1
