,Class,Mean Euclidean Distance@0.50,Mean Euclidean Distance@0.55,Mean Euclidean Distance@0.60,Mean Euclidean Distance@0.65,Mean Euclidean Distance@0.70,Mean Euclidean Distance@0.75,Mean Euclidean Distance@0.80,Mean Euclidean Distance@0.85,Mean Euclidean Distance@0.90,Mean Euclidean Distance@0.95
0,Background,,,,,,,,,,
1,Bottle,12.846063816575471,11.957457740799596,11.197466914159282,10.256924123583701,8.856739578068412,7.538565495581944,6.348366733347984,4.733874320166814,3.1630338215765197,1.5484558416908292
