Class,Precision,Recall,F1 Score
Background,0.0,0.0,0.0
Bottle,0.10616280852368543,0.5537784886045581,0.17816942175339293
Mean,0.10616280852368543,0.5537784886045581,0.17816942175339293
