,map,map_50,map_75,map_small,map_medium,map_large,mar_1,mar_10,mar_100,mar_small,mar_medium,mar_large,map_per_class,mar_100_per_class,classes
0,0.41931725,0.71024436,0.46563047,0.35930777,0.7369195,0.9,0.13663912,0.45812672,0.45812672,0.39466667,0.7557377,0.9,0.41931725,0.45812672,1
