,Class,Mean Euclidean Distance@0.50,Mean Euclidean Distance@0.55,Mean Euclidean Distance@0.60,Mean Euclidean Distance@0.65,Mean Euclidean Distance@0.70,Mean Euclidean Distance@0.75,Mean Euclidean Distance@0.80,Mean Euclidean Distance@0.85,Mean Euclidean Distance@0.90,Mean Euclidean Distance@0.95
0,Background,,,,,,,,,,
1,Litter,0.6311512587566821,0.581853129728026,0.5306122984928652,0.49716136046375814,0.46670192910849867,0.46872466469759466,0.47741062628644315,0.5366444388612737,0.5286600914487581,0.8737510773588327
