Class,Precision,Recall,F1 Score
Background,0.0,0.0,0.0
Litter,0.8837920489296636,0.7961432506887053,0.83768115942029
Mean,0.8837920489296636,0.7961432506887053,0.83768115942029
