,map,map_50,map_75,map_small,map_medium,map_large,mar_1,mar_10,mar_100,mar_small,mar_medium,mar_large,map_per_class,mar_100_per_class,classes
0,0.42204368,0.7665531,0.43109205,0.0,0.25935277,0.48523262,0.37851527,0.49328268,0.49328268,0.0,0.3202684,0.5633776,0.42204368,0.49328268,1
