Class,Precision,Recall,F1 Score
Background,0.0,0.0,0.0
Bottle,0.2480249862208341,0.899640143942423,0.3888472838297137
Mean,0.2480249862208341,0.899640143942423,0.3888472838297137
