,map,map_50,map_75,map_small,map_medium,map_large,mar_1,mar_10,mar_100,mar_small,mar_medium,mar_large,map_per_class,mar_100_per_class,classes
0,0.24103482,0.46157762,0.22598308,0.0,0.2017221,0.2588869,0.24214314,0.29921365,0.29921365,0.0,0.2405368,0.32301068,0.24103482,0.29921365,1
