Class,Precision,Recall,F1 Score
Background,0.0,0.0,0.0
Bottle,0.4542781534842693,0.6177528988404638,0.5235513385293121
Mean,0.4542781534842693,0.6177528988404638,0.5235513385293121
