,epoch,time_elapsed,total_time_elapsed
0,1,746.0482761859894,746.0482761859894
1,2,746.0201456546783,1492.0684218406677
2,3,744.7079455852509,2236.7763674259186
3,4,744.9119753837585,2981.688342809677
4,5,875.8729617595673,3857.5613045692444
5,6,745.1187326908112,4602.6800372600555
6,7,743.6014449596405,5346.281482219696
7,8,775.1159749031067,6121.397457122803
8,9,663.9047226905823,6785.302179813385
9,10,732.2703373432159,7517.572517156601
10,11,744.7812576293945,8262.353774785995
