,map,map_50,map_75,map_small,map_medium,map_large,mar_1,mar_10,mar_100,mar_small,mar_medium,mar_large,map_per_class,mar_100_per_class,classes
0,0.37294546,0.69168985,0.3692892,0.15,0.20800225,0.43720916,0.33813143,0.44067708,0.44067708,0.3,0.26140675,0.51323724,0.37294546,0.44067708,1
