,Class,Mean Euclidean Distance@0.50,Mean Euclidean Distance@0.55,Mean Euclidean Distance@0.60,Mean Euclidean Distance@0.65,Mean Euclidean Distance@0.70,Mean Euclidean Distance@0.75,Mean Euclidean Distance@0.80,Mean Euclidean Distance@0.85,Mean Euclidean Distance@0.90,Mean Euclidean Distance@0.95
0,Background,,,,,,,,,,
1,Bottle,8.406034783005389,8.169320999642274,7.8484823042001395,7.564438693163176,7.1334541462621415,6.583683371069384,5.8131285558249335,4.692393146283928,3.3659218334766163,1.9920740916460395
