Class,Precision,Recall,F1 Score
Background,0.0,0.0,0.0
Bottle,0.6995837187789085,0.8063441290150607,0.7491796173611542
Mean,0.6995837187789085,0.8063441290150607,0.7491796173611542
