,Class,Mean Euclidean Distance@0.50,Mean Euclidean Distance@0.55,Mean Euclidean Distance@0.60,Mean Euclidean Distance@0.65,Mean Euclidean Distance@0.70,Mean Euclidean Distance@0.75,Mean Euclidean Distance@0.80,Mean Euclidean Distance@0.85,Mean Euclidean Distance@0.90,Mean Euclidean Distance@0.95
0,Background,,,,,,,,,,
1,Object,25.981692340563402,23.998564430767516,22.3780842607947,20.453103680045643,18.401170796547774,16.618884140260544,14.852183601143908,12.89977337021297,10.380708688511112,6.249712943796398
