Class,Precision,Recall,F1 Score
Background,0.0,0.0,0.0
Object,0.01688337795036233,0.8790044671346522,0.03313040738326546
Mean,0.01688337795036233,0.8790044671346522,0.03313040738326546
