Class,Precision,Recall,F1 Score
Background,0.0,0.0,0.0
Litter,0.004230263533985023,0.20385674931129477,0.008288530465949821
Mean,0.004230263533985023,0.20385674931129477,0.008288530465949821
