Class,Precision,Recall,F1 Score
Background,0.0,0.0,0.0
Object,0.019200308748683396,0.9143586470963625,0.03761084015392935
Mean,0.019200308748683396,0.9143586470963625,0.03761084015392935
