Class,Precision,Recall,F1 Score
Background,0.0,0.0,0.0
Litter,0.006033088692623461,0.6879432624113475,0.011961279980270056
Mean,0.006033088692623461,0.6879432624113475,0.011961279980270056
