,map,map_50,map_75,map_small,map_medium,map_large,mar_1,mar_10,mar_100,mar_small,mar_medium,mar_large,map_per_class,mar_100_per_class,classes
0,0.0038003554,0.013052164,0.00096737617,0.0,0.00019246989,0.0072533567,0.01807277,0.067826204,0.20189257,0.0,0.06922721,0.25560758,0.0038003554,0.20189257,1
