Class,Precision,Recall,F1 Score
Background,0.0,0.0,0.0
Bottle,0.005731344863379894,0.6350793016126882,0.011360168602544296
Mean,0.005731344863379894,0.6350793016126882,0.011360168602544296
