,epoch,time_elapsed,total_time_elapsed
0,1,72.28832674026489,72.28832674026489
1,2,74.97529649734497,147.26362323760986
2,3,51.05064272880554,198.3142659664154
3,4,51.071465253829956,249.38573122024536
4,5,51.15546441078186,300.5411956310272
5,6,50.48567867279053,351.02687430381775
6,7,51.716551542282104,402.74342584609985
7,8,52.884905099868774,455.6283309459686
8,9,58.44487142562866,514.0732023715973
9,10,61.80660533905029,575.8798077106476
10,11,72.75911617279053,648.6389238834381
