Class,Precision,Recall,F1 Score
Background,0.0,0.0,0.0
Litter,0.10413061470167782,0.810304449648712,0.18454563637575835
Mean,0.10413061470167782,0.810304449648712,0.18454563637575835
