,Class,Mean Euclidean Distance@0.50,Mean Euclidean Distance@0.55,Mean Euclidean Distance@0.60,Mean Euclidean Distance@0.65,Mean Euclidean Distance@0.70,Mean Euclidean Distance@0.75,Mean Euclidean Distance@0.80,Mean Euclidean Distance@0.85,Mean Euclidean Distance@0.90,Mean Euclidean Distance@0.95
0,Background,,,,,,,,,,
1,Litter,0.5904785931018325,0.517883487005733,0.5177626425326736,0.5179022149249353,0.507560705724102,0.4441974635160791,0.44406585374723334,0.4422117860198806,0.4391864751491451,0.41921650840168234
