Class,Precision,Recall,F1 Score
Background,0.0,0.0,0.0
Litter,0.9631101021566402,0.9935597189695551,0.9780979827089338
Mean,0.9631101021566402,0.9935597189695551,0.9780979827089338
