Class,Precision,Recall,F1 Score
Background,0.0,0.0,0.0
Litter,0.0058840057517809035,0.20843091334894615,0.011444921316165951
Mean,0.0058840057517809035,0.20843091334894615,0.011444921316165951
