,map,map_50,map_75,map_small,map_medium,map_large,mar_1,mar_10,mar_100,mar_small,mar_medium,mar_large,map_per_class,mar_100_per_class,classes
0,0.5924987,0.95848805,0.728181,0.2,0.46883586,0.63838226,0.45455152,0.63593227,0.63593227,0.2,0.51425266,0.6852462,0.5924987,0.63593227,1
