Class,Precision,Recall,F1 Score
Background,0.0,0.0,0.0
Bottle,0.5465064858490566,0.9882713581234173,0.7038109249679655
Mean,0.5465064858490566,0.9882713581234173,0.7038109249679655
