,Class,Mean Euclidean Distance@0.50,Mean Euclidean Distance@0.55,Mean Euclidean Distance@0.60,Mean Euclidean Distance@0.65,Mean Euclidean Distance@0.70,Mean Euclidean Distance@0.75,Mean Euclidean Distance@0.80,Mean Euclidean Distance@0.85,Mean Euclidean Distance@0.90,Mean Euclidean Distance@0.95
0,Background,,,,,,,,,,
1,Object,29.210587708308633,27.123706581544216,25.174660100567735,22.764197624866643,20.465613684954114,18.081010945474176,16.066967987926187,13.643474143906424,10.809863545308039,6.09210120612288
