Class,Precision,Recall,F1 Score
Background,0.0,0.0,0.0
Object,0.01850769913542726,0.8409700063816209,0.03621832133659842
Mean,0.01850769913542726,0.8409700063816209,0.03621832133659842
