,map,map_50,map_75,map_small,map_medium,map_large,mar_1,mar_10,mar_100,mar_small,mar_medium,mar_large,map_per_class,mar_100_per_class,classes
0,0.22524719,0.374189,0.274444,0.0,0.01039604,0.31185344,0.21452752,0.24448887,0.24448887,0.0,0.008329477,0.34008613,0.22524719,0.24448887,1
