Class,Precision,Recall,F1 Score
Background,0.0,0.0,0.0
Bottle,0.015790508222858015,0.8672530987604958,0.031016287483376467
Mean,0.015790508222858015,0.8672530987604958,0.031016287483376467
