,Class,Mean Euclidean Distance@0.50,Mean Euclidean Distance@0.55,Mean Euclidean Distance@0.60,Mean Euclidean Distance@0.65,Mean Euclidean Distance@0.70,Mean Euclidean Distance@0.75,Mean Euclidean Distance@0.80,Mean Euclidean Distance@0.85,Mean Euclidean Distance@0.90,Mean Euclidean Distance@0.95
0,Background,,,,,,,,,,
1,Object,24.850859897118994,23.096675945677116,21.214334918801903,19.254966979596837,17.000740519521152,14.736775279648537,12.582645160528497,10.42602811239102,8.111125500339023,4.580436390783036
