Class,Precision,Recall,F1 Score
Background,0.0,0.0,0.0
Object,0.10744440664336746,0.8867900446713465,0.19166632184383664
Mean,0.10744440664336746,0.8867900446713465,0.19166632184383664
