Class,Precision,Recall,F1 Score
Background,0.0,0.0,0.0
Litter,0.00437684648210964,0.22038567493112948,0.008583230513384475
Mean,0.00437684648210964,0.22038567493112948,0.008583230513384475
