Class,Precision,Recall,F1 Score
Background,0.0,0.0,0.0
Litter,0.7988505747126436,0.9858156028368794,0.8825396825396825
Mean,0.7988505747126436,0.9858156028368794,0.8825396825396825
