,map,map_50,map_75,map_small,map_medium,map_large,mar_1,mar_10,mar_100,mar_small,mar_medium,mar_large,map_per_class,mar_100_per_class,classes
0,0.40526664,0.7508343,0.39520857,0.0,0.23111342,0.47435245,0.3699187,0.4803812,0.4803812,0.0,0.28301713,0.5603258,0.40526664,0.4803812,1
