Class,Precision,Recall,F1 Score
Background,0.0,0.0,0.0
Bottle,0.5890775585130794,0.8553911768625883,0.6976845309272748
Mean,0.5890775585130794,0.8553911768625883,0.6976845309272748
