,Class,Mean Euclidean Distance@0.50,Mean Euclidean Distance@0.55,Mean Euclidean Distance@0.60,Mean Euclidean Distance@0.65,Mean Euclidean Distance@0.70,Mean Euclidean Distance@0.75,Mean Euclidean Distance@0.80,Mean Euclidean Distance@0.85,Mean Euclidean Distance@0.90,Mean Euclidean Distance@0.95
0,Background,,,,,,,,,,
1,Object,24.447042753214816,22.447495211694303,19.949453241857945,17.634495684127387,15.4589559139931,13.150186829600065,11.103317886068718,9.084513159819371,7.188918182786892,4.905615836936115
