Class,Precision,Recall,F1 Score
Background,0.0,0.0,0.0
Object,0.09747508589840465,0.8726228462029355,0.17536164973838106
Mean,0.09747508589840465,0.8726228462029355,0.17536164973838106
