,map,map_50,map_75,map_small,map_medium,map_large,mar_1,mar_10,mar_100,mar_small,mar_medium,mar_large,map_per_class,mar_100_per_class,classes
0,0.1628966,0.38286364,0.0922653,0.12667933,0.38873166,0.4039604,0.08760331,0.22754821,0.22754821,0.172,0.49508196,0.4,0.1628966,0.22754821,1
