Class,Precision,Recall,F1 Score
Background,0.0,0.0,0.0
Litter,0.18543689320388348,0.5261707988980716,0.2742282842785355
Mean,0.18543689320388348,0.5261707988980716,0.2742282842785355
