,Class,Mean Euclidean Distance@0.50,Mean Euclidean Distance@0.55,Mean Euclidean Distance@0.60,Mean Euclidean Distance@0.65,Mean Euclidean Distance@0.70,Mean Euclidean Distance@0.75,Mean Euclidean Distance@0.80,Mean Euclidean Distance@0.85,Mean Euclidean Distance@0.90,Mean Euclidean Distance@0.95
0,Background,,,,,,,,,,
1,Litter,4.876500875476178,4.562510160429577,4.177456996551753,3.6108199489291124,3.509478831736743,3.509478831736743,3.289534042168037,3.1148667685814457,2.7117087538452442,1.2584738138439984
