Class,Precision,Recall,F1 Score
Background,0.0,0.0,0.0
Litter,0.1652892561983471,0.9929078014184397,0.2834008097165992
Mean,0.1652892561983471,0.9929078014184397,0.2834008097165992
