Class,Precision,Recall,F1 Score
Background,0.0,0.0,0.0
Litter,0.00018518645532548234,0.015807962529274005,0.0003660843214220342
Mean,0.00018518645532548234,0.015807962529274005,0.0003660843214220342
