Class,Precision,Recall,F1 Score
Background,0.0,0.0,0.0
Object,0.021362119851148467,0.8499042756860242,0.04167670667021327
Mean,0.021362119851148467,0.8499042756860242,0.04167670667021327
