,Class,Mean Euclidean Distance@0.50,Mean Euclidean Distance@0.55,Mean Euclidean Distance@0.60,Mean Euclidean Distance@0.65,Mean Euclidean Distance@0.70,Mean Euclidean Distance@0.75,Mean Euclidean Distance@0.80,Mean Euclidean Distance@0.85,Mean Euclidean Distance@0.90,Mean Euclidean Distance@0.95
0,Background,,,,,,,,,,
1,Litter,11.882934321551074,10.987065645421254,10.633254652109006,10.662017838884235,10.513040002650653,10.445760294359527,10.230144888253449,9.289643668633037,8.14159715217705,4.777480527929986
