Class,Precision,Recall,F1 Score
Background,0.0,0.0,0.0
Litter,0.002546946915123446,0.4127634660421546,0.005062654841836918
Mean,0.002546946915123446,0.4127634660421546,0.005062654841836918
