,map,map_50,map_75,map_small,map_medium,map_large,mar_1,mar_10,mar_100,mar_small,mar_medium,mar_large,map_per_class,mar_100_per_class,classes
0,0.32736275,0.47682393,0.3649354,0.0,0.0,0.40267003,0.27651563,0.39029995,0.39029995,0.0,0.0,0.48294377,0.32736275,0.39029995,1
