,Class,Mean Euclidean Distance@0.50,Mean Euclidean Distance@0.55,Mean Euclidean Distance@0.60,Mean Euclidean Distance@0.65,Mean Euclidean Distance@0.70,Mean Euclidean Distance@0.75,Mean Euclidean Distance@0.80,Mean Euclidean Distance@0.85,Mean Euclidean Distance@0.90,Mean Euclidean Distance@0.95
0,Background,,,,,,,,,,
1,Object,22.29321695358564,20.84555838006244,19.176557995942684,17.554944098554525,16.054504172157404,14.309278164410348,12.825747971593357,11.224795280078702,9.146086763420405,5.57392962346646
