Class,Precision,Recall,F1 Score
Background,0.0,0.0,0.0
Object,0.021832810447618704,0.8464582003828972,0.042567667314937836
Mean,0.021832810447618704,0.8464582003828972,0.042567667314937836
