,map,map_50,map_75,map_small,map_medium,map_large,mar_1,mar_10,mar_100,mar_small,mar_medium,mar_large,map_per_class,mar_100_per_class,classes
0,0.00015095032,0.0012266475,0.0,0.0020050125,0.0011082204,0.00035373063,0.0002754821,0.0024793388,0.012947658,0.0033333334,0.05409836,0.2,0.00015095032,0.012947658,1
