Class,Precision,Recall,F1 Score
Background,0.0,0.0,0.0
Litter,0.002215783194136697,0.07162534435261708,0.004298586426386708
Mean,0.002215783194136697,0.07162534435261708,0.004298586426386708
