,Class,Mean Euclidean Distance@0.50,Mean Euclidean Distance@0.55,Mean Euclidean Distance@0.60,Mean Euclidean Distance@0.65,Mean Euclidean Distance@0.70,Mean Euclidean Distance@0.75,Mean Euclidean Distance@0.80,Mean Euclidean Distance@0.85,Mean Euclidean Distance@0.90,Mean Euclidean Distance@0.95
0,Clear Plastic Bottle,,,,,,,,,,
1,Drink Can,15.755706787109375,15.680700302124023,15.199570655822754,15.21662712097168,15.732887268066406,17.170654296875,15.99544906616211,13.886022567749023,13.832661628723145,7.662102699279785
2,Drink Carton,61.67760467529297,61.67760467529297,62.75546646118164,62.75546646118164,57.065460205078125,53.17013168334961,30.484786987304688,24.54338836669922,,
3,Glass Bottle,65.3241195678711,63.430259704589844,59.75776672363281,52.650428771972656,52.67743682861328,41.343318939208984,23.609169006347656,8.874008178710938,3.5309531688690186,
4,Glass Jar,57.5643196105957,57.5643196105957,53.99251937866211,51.554744720458984,38.533226013183594,37.28945541381836,38.808929443359375,25.7303409576416,22.131052017211914,
5,Other Plastic Bottle,57.28563690185547,57.28563690185547,57.28563690185547,49.29438018798828,44.086124420166016,39.14832305908203,36.42486572265625,27.44972801208496,,
