,Class,Mean Euclidean Distance@0.50,Mean Euclidean Distance@0.55,Mean Euclidean Distance@0.60,Mean Euclidean Distance@0.65,Mean Euclidean Distance@0.70,Mean Euclidean Distance@0.75,Mean Euclidean Distance@0.80,Mean Euclidean Distance@0.85,Mean Euclidean Distance@0.90,Mean Euclidean Distance@0.95
0,Background,,,,,,,,,,
1,Clear Plastic Bottle,24.318744659423828,24.569175720214844,24.423006057739258,25.402395248413086,22.337299346923828,22.880102157592773,23.029294967651367,22.254297256469727,18.851682662963867,
2,Drink Can,16.738906860351562,16.68387794494629,15.923523902893066,15.656900405883789,15.693563461303711,15.863056182861328,13.911025047302246,12.448613166809082,11.561405181884766,8.121831893920898
3,Drink Carton,9.7058687210083,9.7058687210083,9.7058687210083,9.7058687210083,9.7058687210083,9.7058687210083,9.358804702758789,8.244490623474121,8.624208450317383,10.267695426940918
4,Glass Bottle,43.357608795166016,43.357608795166016,43.68605422973633,36.786895751953125,34.62660217285156,34.352577209472656,30.54445457458496,26.05554962158203,17.61325454711914,
5,Glass Jar,24.74957275390625,24.74957275390625,24.74957275390625,24.74957275390625,21.76056671142578,23.392948150634766,20.253293991088867,21.54227066040039,11.077232360839844,1.5155985355377197
6,Other Plastic Bottle,34.84480667114258,34.84480667114258,35.290523529052734,35.290523529052734,35.290523529052734,32.244102478027344,30.463048934936523,24.41297149658203,12.020525932312012,20.10622787475586
