Class,Precision,Recall,F1 Score
Clear Plastic Bottle,0.0,0.0,0.0
Drink Can,0.3023255813953488,0.9811320754716981,0.4622222222222222
Drink Carton,0.23529411764705882,1.0,0.38095238095238093
Glass Bottle,0.12280701754385964,0.7777777777777778,0.2121212121212121
Glass Jar,0.10588235294117647,0.8181818181818182,0.18750000000000003
Other Plastic Bottle,0.19540229885057472,0.9444444444444444,0.32380952380952377
Mean,0.19234227367560366,0.9043072231751477,0.3133210678210678
