Class,Precision,Recall,F1 Score
Background,0.0,0.0,0.0
Clear Plastic Bottle,0.23880597014925373,0.9696969696969697,0.3832335329341317
Drink Can,0.34210526315789475,0.9811320754716981,0.5073170731707317
Drink Carton,0.14814814814814814,1.0,0.25806451612903225
Glass Bottle,0.1111111111111111,0.8333333333333334,0.19607843137254902
Glass Jar,0.15942028985507245,1.0,0.27499999999999997
Other Plastic Bottle,0.2328767123287671,0.9444444444444444,0.3736263736263736
Mean,0.20541124912504125,0.9547678038244077,0.33221998787213636
