Class,Precision,Recall,F1 Score
Background,0.0,0.0,0.0
Litter,0.16083916083916083,0.9787234042553191,0.2762762762762763
Mean,0.16083916083916083,0.9787234042553191,0.2762762762762763
