,map,map_50,map_75,map_small,map_medium,map_large,mar_1,mar_10,mar_100,mar_small,mar_medium,mar_large,map_per_class,mar_100_per_class,classes
0,0.30549768,0.68433625,0.23063098,0.0,0.13014929,0.37298596,0.29410902,0.3943356,0.3943356,0.0,0.1813975,0.48056543,0.30549768,0.3943356,1
