,Class,Mean Euclidean Distance@0.50,Mean Euclidean Distance@0.55,Mean Euclidean Distance@0.60,Mean Euclidean Distance@0.65,Mean Euclidean Distance@0.70,Mean Euclidean Distance@0.75,Mean Euclidean Distance@0.80,Mean Euclidean Distance@0.85,Mean Euclidean Distance@0.90,Mean Euclidean Distance@0.95
0,Background,,,,,,,,,,
1,Bottle,10.457606760449037,10.091642868221841,9.626760361631217,9.150330448693973,8.493826575825812,7.703117694171336,6.724786814137363,5.5502155951814345,3.8888745729399727,2.334949981839619
