Class,Precision,Recall,F1 Score
Background,0.0,0.0,0.0
Bottle,0.40710382513661203,0.8142076502732241,0.5428051001821493
Mean,0.40710382513661203,0.8142076502732241,0.5428051001821493
