,map,map_50,map_75,map_small,map_medium,map_large,mar_1,mar_10,mar_100,mar_small,mar_medium,mar_large,map_per_class,mar_100_per_class,classes
0,0.54697305,0.94539535,0.61748976,0.0,0.45360082,0.58229953,0.4262295,0.5928295,0.59285617,0.0,0.48431283,0.63688445,0.54697305,0.59285617,1
