Class,Precision,Recall,F1 Score
Background,0.0,0.0,0.0
Bottle,0.4861294583883752,0.9809409569505532,0.6500905357063994
Mean,0.4861294583883752,0.9809409569505532,0.6500905357063994
