Class,Precision,Recall,F1 Score
Background,0.0,0.0,0.0
Litter,0.18523489932885906,0.9787234042553191,0.3115124153498871
Mean,0.18523489932885906,0.9787234042553191,0.3115124153498871
