Class,Precision,Recall,F1 Score
Background,0.0,0.0,0.0
Object,0.005523085914669784,0.2412252712188896,0.010798920107989201
Mean,0.005523085914669784,0.2412252712188896,0.010798920107989201
