,map,map_50,map_75,map_small,map_medium,map_large,mar_1,mar_10,mar_100,mar_small,mar_medium,mar_large,map_per_class,mar_100_per_class,classes
0,0.00983272,0.02502921,0.006750675,0.0022277227,0.05510176,0.2019802,0.014325069,0.014325069,0.014325069,0.0023333333,0.06721312,0.2,0.00983272,0.014325069,1
