Class,Precision,Recall,F1 Score
Background,0.0,0.0,0.0
Litter,0.011045481393975192,0.5151515151515151,0.021627248019429824
Mean,0.011045481393975192,0.5151515151515151,0.021627248019429824
