,map,map_50,map_75,map_small,map_medium,map_large,mar_1,mar_10,mar_100,mar_small,mar_medium,mar_large,map_per_class,mar_100_per_class,classes
0,0.39353725,0.71951824,0.39482036,0.0,0.23764665,0.45835847,0.36781287,0.48023456,0.48023456,0.0,0.335354,0.538944,0.39353725,0.48023456,1
