Class,Precision,Recall,F1 Score
Background,0.0,0.0,0.0
Bottle,0.14011966681005827,0.9550846328135413,0.24438571063176742
Mean,0.14011966681005827,0.9550846328135413,0.24438571063176742
