Class,Precision,Recall,F1 Score
Background,0.0,0.0,0.0
Litter,0.008180853056891276,0.9290780141843972,0.01621889315339854
Mean,0.008180853056891276,0.9290780141843972,0.01621889315339854
