,Class,Mean Euclidean Distance@0.50,Mean Euclidean Distance@0.55,Mean Euclidean Distance@0.60,Mean Euclidean Distance@0.65,Mean Euclidean Distance@0.70,Mean Euclidean Distance@0.75,Mean Euclidean Distance@0.80,Mean Euclidean Distance@0.85,Mean Euclidean Distance@0.90,Mean Euclidean Distance@0.95
0,Background,,,,,,,,,,
1,Object,27.371811964750453,24.988867192270032,23.266579363592566,20.846162618697186,17.915045251392314,14.951849574374357,12.634264333675576,10.628219703184346,8.18840290131373,5.077345176697038
