Class,Precision,Recall,F1 Score
Background,0.0,0.0,0.0
Object,0.04677320303321585,0.8943203573707722,0.08889706488711836
Mean,0.04677320303321585,0.8943203573707722,0.08889706488711836
